,id_art,id_clasif,id_cte
0,1,10,cte443
1,1,10,cte1293
2,1,10,cte328
3,1,10,cte501
4,2,11,cte444
5,2,11,cte1294
6,2,11,cte329
7,2,11,cte502
8,3,12,cte445
9,3,12,cte540
10,3,12,cte115
11,3,12,cte270
12,3,12,cte425
13,3,12,cte1295
14,3,12,cte1390
15,3,12,cte1545
16,3,12,cte756
17,3,12,cte911
18,3,12,cte330
19,3,12,cte425
20,3,12,cte2050
21,3,12,cte2205
22,3,12,cte67
23,3,12,cte503
24,3,12,cte598
25,3,12,cte346
26,3,12,cte501
27,3,12,cte168
28,4,13,cte446
29,4,13,cte1296
30,4,13,cte331
31,4,13,cte504
32,5,14,cte447
33,5,14,cte1297
34,5,14,cte332
35,5,14,cte505
36,6,15,cte448
37,6,15,cte1298
38,6,15,cte333
39,6,15,cte506
40,7,16,cte449
41,7,16,cte1299
42,7,16,cte334
43,7,16,cte507
44,8,17,cte450
45,8,17,cte1300
46,8,17,cte335
47,8,17,cte508
48,9,18,cte451
49,9,18,cte541
50,9,18,cte116
51,9,18,cte271
52,9,18,cte426
53,9,18,cte1301
54,9,18,cte1391
55,9,18,cte1546
56,9,18,cte757
57,9,18,cte912
58,9,18,cte336
59,9,18,cte426
60,9,18,cte2051
61,9,18,cte2206
62,9,18,cte68
63,9,18,cte509
64,9,18,cte599
65,9,18,cte347
66,9,18,cte502
67,9,18,cte169
68,10,19,cte452
69,10,19,cte543
70,10,19,cte118
71,10,19,cte273
72,10,19,cte428
73,10,19,cte1302
74,10,19,cte1393
75,10,19,cte1548
76,10,19,cte759
77,10,19,cte914
78,10,19,cte337
79,10,19,cte428
80,10,19,cte2053
81,10,19,cte2208
82,10,19,cte70
83,10,19,cte510
84,10,19,cte601
85,10,19,cte349
86,10,19,cte504
87,10,19,cte171
88,11,20,cte453
89,11,20,cte1303
90,11,20,cte338
91,11,20,cte511
92,12,21,cte390
93,12,21,cte454
94,12,21,cte1240
95,12,21,cte1304
96,12,21,cte275
97,12,21,cte339
98,12,21,cte448
99,12,21,cte512
100,13,22,cte455
101,13,22,cte1305
102,13,22,cte340
103,13,22,cte513
104,14,23,cte456
105,14,23,cte1306
106,14,23,cte341
107,14,23,cte514
108,15,24,cte457
109,15,24,cte542
110,15,24,cte117
111,15,24,cte272
112,15,24,cte427
113,15,24,cte1307
114,15,24,cte1392
115,15,24,cte1547
116,15,24,cte758
117,15,24,cte913
118,15,24,cte342
119,15,24,cte427
120,15,24,cte2052
121,15,24,cte2207
122,15,24,cte69
123,15,24,cte515
124,15,24,cte600
125,15,24,cte348
126,15,24,cte503
127,15,24,cte170
128,16,25,cte458
129,16,25,cte544
130,16,25,cte119
131,16,25,cte274
132,16,25,cte429
133,16,25,cte1308
134,16,25,cte1394
135,16,25,cte1549
136,16,25,cte760
137,16,25,cte915
138,16,25,cte343
139,16,25,cte429
140,16,25,cte2054
141,16,25,cte2209
142,16,25,cte71
143,16,25,cte516
144,16,25,cte602
145,16,25,cte350
146,16,25,cte505
147,16,25,cte172
148,17,26,cte459
149,17,26,cte1309
150,17,26,cte344
151,17,26,cte517
152,18,27,cte460
153,18,27,cte1310
154,18,27,cte345
155,18,27,cte518
156,19,28,cte461
157,19,28,cte1311
158,19,28,cte346
159,19,28,cte519
160,20,29,cte462
161,20,29,cte1312
162,20,29,cte347
163,20,29,cte520
164,21,30,cte463
165,21,30,cte1313
166,21,30,cte348
167,21,30,cte521
168,22,31,cte7
169,22,31,cte25
170,22,31,cte32
171,22,31,cte218
172,22,31,cte228
173,22,31,cte235
174,22,31,cte256
175,22,31,cte269
176,22,31,cte276
177,22,31,cte358
178,22,31,cte368
179,22,31,cte375
180,22,31,cte464
181,22,31,cte532
182,22,31,cte545
183,22,31,cte552
184,22,31,cte1068
185,22,31,cte1078
186,22,31,cte1085
187,22,31,cte1106
188,22,31,cte1119
189,22,31,cte1126
190,22,31,cte1208
191,22,31,cte1218
192,22,31,cte1225
193,22,31,cte1314
194,22,31,cte1
195,22,31,cte14
196,22,31,cte21
197,22,31,cte103
198,22,31,cte113
199,22,31,cte120
200,22,31,cte141
201,22,31,cte154
202,22,31,cte161
203,22,31,cte243
204,22,31,cte253
205,22,31,cte260
206,22,31,cte349
207,22,31,cte174
208,22,31,cte187
209,22,31,cte194
210,22,31,cte276
211,22,31,cte286
212,22,31,cte293
213,22,31,cte314
214,22,31,cte327
215,22,31,cte334
216,22,31,cte416
217,22,31,cte426
218,22,31,cte433
219,22,31,cte522
220,22,31,cte275
221,23,32,cte391
222,23,32,cte465
223,23,32,cte1241
224,23,32,cte1315
225,23,32,cte276
226,23,32,cte350
227,23,32,cte449
228,23,32,cte523
229,24,33,cte466
230,24,33,cte1316
231,24,33,cte351
232,24,33,cte524
233,25,34,cte467
234,25,34,cte1317
235,25,34,cte352
236,25,34,cte525
237,26,35,cte468
238,26,35,cte1318
239,26,35,cte353
240,26,35,cte526
241,27,36,cte469
242,27,36,cte1319
243,27,36,cte354
244,27,36,cte527
245,28,37,cte470
246,28,37,cte1320
247,28,37,cte355
248,28,37,cte528
249,29,38,cte471
250,29,38,cte1321
251,29,38,cte356
252,29,38,cte529
253,30,39,cte3
254,30,39,cte20
255,30,39,cte24
256,30,39,cte37
257,30,39,cte40
258,30,39,cte44
259,30,39,cte217
260,30,39,cte227
261,30,39,cte240
262,30,39,cte243
263,30,39,cte247
264,30,39,cte261
265,30,39,cte264
266,30,39,cte268
267,30,39,cte281
268,30,39,cte284
269,30,39,cte288
270,30,39,cte357
271,30,39,cte367
272,30,39,cte380
273,30,39,cte383
274,30,39,cte387
275,30,39,cte472
276,30,39,cte545
277,30,39,cte120
278,30,39,cte275
279,30,39,cte430
280,30,39,cte537
281,30,39,cte540
282,30,39,cte544
283,30,39,cte557
284,30,39,cte560
285,30,39,cte564
286,30,39,cte1067
287,30,39,cte1077
288,30,39,cte1090
289,30,39,cte1093
290,30,39,cte1097
291,30,39,cte1111
292,30,39,cte1114
293,30,39,cte1118
294,30,39,cte1131
295,30,39,cte1134
296,30,39,cte1138
297,30,39,cte1207
298,30,39,cte1217
299,30,39,cte1230
300,30,39,cte1233
301,30,39,cte1237
302,30,39,cte1322
303,30,39,cte1395
304,30,39,cte1550
305,30,39,cte761
306,30,39,cte916
307,30,39,cte6
308,30,39,cte9
309,30,39,cte13
310,30,39,cte26
311,30,39,cte29
312,30,39,cte33
313,30,39,cte102
314,30,39,cte112
315,30,39,cte125
316,30,39,cte128
317,30,39,cte132
318,30,39,cte146
319,30,39,cte149
320,30,39,cte153
321,30,39,cte166
322,30,39,cte169
323,30,39,cte173
324,30,39,cte242
325,30,39,cte252
326,30,39,cte265
327,30,39,cte268
328,30,39,cte272
329,30,39,cte357
330,30,39,cte430
331,30,39,cte2055
332,30,39,cte2210
333,30,39,cte72
334,30,39,cte179
335,30,39,cte182
336,30,39,cte186
337,30,39,cte199
338,30,39,cte202
339,30,39,cte206
340,30,39,cte275
341,30,39,cte285
342,30,39,cte298
343,30,39,cte301
344,30,39,cte305
345,30,39,cte319
346,30,39,cte322
347,30,39,cte326
348,30,39,cte339
349,30,39,cte342
350,30,39,cte346
351,30,39,cte415
352,30,39,cte425
353,30,39,cte438
354,30,39,cte441
355,30,39,cte445
356,30,39,cte530
357,30,39,cte603
358,30,39,cte351
359,30,39,cte506
360,30,39,cte173
361,30,39,cte280
362,30,39,cte602
363,31,40,cte473
364,31,40,cte1323
365,31,40,cte358
366,31,40,cte531
367,32,41,cte474
368,32,41,cte1324
369,32,41,cte359
370,32,41,cte532
371,33,42,cte475
372,33,42,cte1325
373,33,42,cte360
374,33,42,cte533
375,34,43,cte8
376,34,43,cte33
377,34,43,cte236
378,34,43,cte257
379,34,43,cte277
380,34,43,cte376
381,34,43,cte392
382,34,43,cte476
383,34,43,cte533
384,34,43,cte553
385,34,43,cte1086
386,34,43,cte1107
387,34,43,cte1127
388,34,43,cte1226
389,34,43,cte1242
390,34,43,cte1326
391,34,43,cte2
392,34,43,cte22
393,34,43,cte121
394,34,43,cte142
395,34,43,cte162
396,34,43,cte261
397,34,43,cte277
398,34,43,cte361
399,34,43,cte175
400,34,43,cte195
401,34,43,cte294
402,34,43,cte315
403,34,43,cte335
404,34,43,cte434
405,34,43,cte450
406,34,43,cte534
407,34,43,cte276
408,35,44,cte22
409,35,44,cte42
410,35,44,cte245
411,35,44,cte266
412,35,44,cte286
413,35,44,cte385
414,35,44,cte477
415,35,44,cte542
416,35,44,cte562
417,35,44,cte1095
418,35,44,cte1116
419,35,44,cte1136
420,35,44,cte1235
421,35,44,cte1327
422,35,44,cte11
423,35,44,cte31
424,35,44,cte130
425,35,44,cte151
426,35,44,cte171
427,35,44,cte270
428,35,44,cte362
429,35,44,cte184
430,35,44,cte204
431,35,44,cte303
432,35,44,cte324
433,35,44,cte344
434,35,44,cte443
435,35,44,cte535
436,36,45,cte478
437,36,45,cte1328
438,36,45,cte363
439,36,45,cte536
440,37,46,cte479
441,37,46,cte1329
442,37,46,cte364
443,37,46,cte537
444,38,47,cte480
445,38,47,cte1330
446,38,47,cte365
447,38,47,cte538
448,39,48,cte2
449,39,48,cte36
450,39,48,cte239
451,39,48,cte260
452,39,48,cte280
453,39,48,cte379
454,39,48,cte481
455,39,48,cte536
456,39,48,cte556
457,39,48,cte1089
458,39,48,cte1110
459,39,48,cte1130
460,39,48,cte1229
461,39,48,cte1331
462,39,48,cte5
463,39,48,cte25
464,39,48,cte124
465,39,48,cte145
466,39,48,cte165
467,39,48,cte264
468,39,48,cte366
469,39,48,cte178
470,39,48,cte198
471,39,48,cte297
472,39,48,cte318
473,39,48,cte338
474,39,48,cte437
475,39,48,cte539
476,39,48,cte279
477,40,10,cte482
478,40,10,cte1332
479,40,10,cte367
480,40,10,cte540
481,41,11,cte483
482,41,11,cte1333
483,41,11,cte368
484,41,11,cte541
485,42,12,cte484
486,42,12,cte1334
487,42,12,cte369
488,42,12,cte542
489,43,13,cte485
490,43,13,cte1335
491,43,13,cte370
492,43,13,cte543
493,44,14,cte486
494,44,14,cte61
495,44,14,cte216
496,44,14,cte371
497,44,14,cte1336
498,44,14,cte1491
499,44,14,cte702
500,44,14,cte857
501,44,14,cte371
502,44,14,cte526
503,44,14,cte2151
504,44,14,cte13
505,44,14,cte544
506,44,14,cte699
507,44,14,cte447
508,44,14,cte114
509,45,15,cte393
510,45,15,cte487
511,45,15,cte62
512,45,15,cte217
513,45,15,cte372
514,45,15,cte1243
515,45,15,cte1337
516,45,15,cte1492
517,45,15,cte703
518,45,15,cte858
519,45,15,cte278
520,45,15,cte372
521,45,15,cte527
522,45,15,cte2152
523,45,15,cte14
524,45,15,cte451
525,45,15,cte545
526,45,15,cte700
527,45,15,cte448
528,45,15,cte115
529,46,16,cte488
530,46,16,cte63
531,46,16,cte218
532,46,16,cte373
533,46,16,cte1338
534,46,16,cte1493
535,46,16,cte704
536,46,16,cte859
537,46,16,cte373
538,46,16,cte528
539,46,16,cte2153
540,46,16,cte15
541,46,16,cte546
542,46,16,cte701
543,46,16,cte449
544,46,16,cte116
545,47,17,cte489
546,47,17,cte64
547,47,17,cte219
548,47,17,cte374
549,47,17,cte1339
550,47,17,cte1494
551,47,17,cte705
552,47,17,cte860
553,47,17,cte374
554,47,17,cte529
555,47,17,cte2154
556,47,17,cte16
557,47,17,cte547
558,47,17,cte702
559,47,17,cte450
560,47,17,cte117
561,48,18,cte490
562,48,18,cte65
563,48,18,cte220
564,48,18,cte375
565,48,18,cte1340
566,48,18,cte1495
567,48,18,cte706
568,48,18,cte861
569,48,18,cte375
570,48,18,cte2000
571,48,18,cte2155
572,48,18,cte17
573,48,18,cte548
574,48,18,cte703
575,48,18,cte451
576,48,18,cte118
577,49,19,cte1
578,49,19,cte35
579,49,19,cte238
580,49,19,cte259
581,49,19,cte279
582,49,19,cte378
583,49,19,cte491
584,49,19,cte66
585,49,19,cte221
586,49,19,cte376
587,49,19,cte535
588,49,19,cte555
589,49,19,cte1088
590,49,19,cte1109
591,49,19,cte1129
592,49,19,cte1228
593,49,19,cte1341
594,49,19,cte1496
595,49,19,cte707
596,49,19,cte862
597,49,19,cte4
598,49,19,cte24
599,49,19,cte123
600,49,19,cte144
601,49,19,cte164
602,49,19,cte263
603,49,19,cte376
604,49,19,cte2001
605,49,19,cte2156
606,49,19,cte18
607,49,19,cte177
608,49,19,cte197
609,49,19,cte296
610,49,19,cte317
611,49,19,cte337
612,49,19,cte436
613,49,19,cte549
614,49,19,cte704
615,49,19,cte452
616,49,19,cte119
617,49,19,cte278
618,50,20,cte4
619,50,20,cte38
620,50,20,cte241
621,50,20,cte262
622,50,20,cte282
623,50,20,cte381
624,50,20,cte492
625,50,20,cte67
626,50,20,cte222
627,50,20,cte377
628,50,20,cte538
629,50,20,cte558
630,50,20,cte1091
631,50,20,cte1112
632,50,20,cte1132
633,50,20,cte1231
634,50,20,cte1342
635,50,20,cte1497
636,50,20,cte708
637,50,20,cte863
638,50,20,cte7
639,50,20,cte27
640,50,20,cte126
641,50,20,cte147
642,50,20,cte167
643,50,20,cte266
644,50,20,cte377
645,50,20,cte2002
646,50,20,cte2157
647,50,20,cte19
648,50,20,cte180
649,50,20,cte200
650,50,20,cte299
651,50,20,cte320
652,50,20,cte340
653,50,20,cte439
654,50,20,cte550
655,50,20,cte705
656,50,20,cte453
657,50,20,cte120
658,50,20,cte600
659,51,21,cte493
660,51,21,cte68
661,51,21,cte223
662,51,21,cte378
663,51,21,cte1343
664,51,21,cte1498
665,51,21,cte709
666,51,21,cte864
667,51,21,cte378
668,51,21,cte2003
669,51,21,cte2158
670,51,21,cte20
671,51,21,cte551
672,51,21,cte706
673,51,21,cte454
674,51,21,cte121
675,52,22,cte494
676,52,22,cte69
677,52,22,cte224
678,52,22,cte379
679,52,22,cte1344
680,52,22,cte1499
681,52,22,cte710
682,52,22,cte865
683,52,22,cte379
684,52,22,cte2004
685,52,22,cte2159
686,52,22,cte21
687,52,22,cte552
688,52,22,cte300
689,52,22,cte455
690,52,22,cte122
691,53,23,cte495
692,53,23,cte70
693,53,23,cte225
694,53,23,cte380
695,53,23,cte1345
696,53,23,cte1500
697,53,23,cte711
698,53,23,cte866
699,53,23,cte380
700,53,23,cte2005
701,53,23,cte2160
702,53,23,cte22
703,53,23,cte553
704,53,23,cte301
705,53,23,cte456
706,53,23,cte123
707,54,24,cte21
708,54,24,cte41
709,54,24,cte244
710,54,24,cte265
711,54,24,cte285
712,54,24,cte384
713,54,24,cte496
714,54,24,cte71
715,54,24,cte226
716,54,24,cte381
717,54,24,cte541
718,54,24,cte561
719,54,24,cte1094
720,54,24,cte1115
721,54,24,cte1135
722,54,24,cte1234
723,54,24,cte1346
724,54,24,cte1501
725,54,24,cte712
726,54,24,cte867
727,54,24,cte10
728,54,24,cte30
729,54,24,cte129
730,54,24,cte150
731,54,24,cte170
732,54,24,cte269
733,54,24,cte381
734,54,24,cte2006
735,54,24,cte2161
736,54,24,cte23
737,54,24,cte183
738,54,24,cte203
739,54,24,cte302
740,54,24,cte323
741,54,24,cte343
742,54,24,cte442
743,54,24,cte554
744,54,24,cte302
745,54,24,cte457
746,54,24,cte124
747,54,24,cte603
748,55,25,cte5
749,55,25,cte39
750,55,25,cte242
751,55,25,cte263
752,55,25,cte283
753,55,25,cte382
754,55,25,cte497
755,55,25,cte72
756,55,25,cte227
757,55,25,cte382
758,55,25,cte539
759,55,25,cte559
760,55,25,cte1092
761,55,25,cte1113
762,55,25,cte1133
763,55,25,cte1232
764,55,25,cte1347
765,55,25,cte1502
766,55,25,cte713
767,55,25,cte868
768,55,25,cte8
769,55,25,cte28
770,55,25,cte127
771,55,25,cte148
772,55,25,cte168
773,55,25,cte267
774,55,25,cte382
775,55,25,cte2007
776,55,25,cte2162
777,55,25,cte24
778,55,25,cte181
779,55,25,cte201
780,55,25,cte300
781,55,25,cte321
782,55,25,cte341
783,55,25,cte440
784,55,25,cte555
785,55,25,cte303
786,55,25,cte458
787,55,25,cte125
788,55,25,cte601
789,56,26,cte394
790,56,26,cte498
791,56,26,cte73
792,56,26,cte228
793,56,26,cte383
794,56,26,cte1244
795,56,26,cte1348
796,56,26,cte1503
797,56,26,cte714
798,56,26,cte869
799,56,26,cte279
800,56,26,cte383
801,56,26,cte2008
802,56,26,cte2163
803,56,26,cte25
804,56,26,cte452
805,56,26,cte556
806,56,26,cte304
807,56,26,cte459
808,56,26,cte126
809,57,27,cte499
810,57,27,cte74
811,57,27,cte229
812,57,27,cte384
813,57,27,cte1349
814,57,27,cte1504
815,57,27,cte715
816,57,27,cte870
817,57,27,cte384
818,57,27,cte2009
819,57,27,cte2164
820,57,27,cte26
821,57,27,cte557
822,57,27,cte305
823,57,27,cte460
824,57,27,cte127
825,58,28,cte500
826,58,28,cte75
827,58,28,cte230
828,58,28,cte385
829,58,28,cte1350
830,58,28,cte1505
831,58,28,cte716
832,58,28,cte871
833,58,28,cte385
834,58,28,cte2010
835,58,28,cte2165
836,58,28,cte27
837,58,28,cte558
838,58,28,cte306
839,58,28,cte461
840,58,28,cte128
841,59,29,cte501
842,59,29,cte76
843,59,29,cte231
844,59,29,cte386
845,59,29,cte1351
846,59,29,cte1506
847,59,29,cte717
848,59,29,cte872
849,59,29,cte386
850,59,29,cte2011
851,59,29,cte2166
852,59,29,cte28
853,59,29,cte559
854,59,29,cte307
855,59,29,cte462
856,59,29,cte129
857,60,30,cte9
858,60,30,cte34
859,60,30,cte237
860,60,30,cte258
861,60,30,cte278
862,60,30,cte377
863,60,30,cte502
864,60,30,cte546
865,60,30,cte77
866,60,30,cte121
867,60,30,cte232
868,60,30,cte276
869,60,30,cte387
870,60,30,cte431
871,60,30,cte534
872,60,30,cte554
873,60,30,cte1087
874,60,30,cte1108
875,60,30,cte1128
876,60,30,cte1227
877,60,30,cte1352
878,60,30,cte1396
879,60,30,cte1507
880,60,30,cte1551
881,60,30,cte718
882,60,30,cte762
883,60,30,cte873
884,60,30,cte917
885,60,30,cte3
886,60,30,cte23
887,60,30,cte122
888,60,30,cte143
889,60,30,cte163
890,60,30,cte262
891,60,30,cte387
892,60,30,cte431
893,60,30,cte2012
894,60,30,cte2056
895,60,30,cte2167
896,60,30,cte2211
897,60,30,cte29
898,60,30,cte73
899,60,30,cte176
900,60,30,cte196
901,60,30,cte295
902,60,30,cte316
903,60,30,cte336
904,60,30,cte435
905,60,30,cte560
906,60,30,cte604
907,60,30,cte308
908,60,30,cte352
909,60,30,cte463
910,60,30,cte507
911,60,30,cte130
912,60,30,cte174
913,60,30,cte277
914,61,31,cte503
915,61,31,cte78
916,61,31,cte233
917,61,31,cte388
918,61,31,cte1353
919,61,31,cte1508
920,61,31,cte719
921,61,31,cte874
922,61,31,cte388
923,61,31,cte2013
924,61,31,cte2168
925,61,31,cte30
926,61,31,cte561
927,61,31,cte309
928,61,31,cte464
929,61,31,cte131
930,62,32,cte504
931,62,32,cte79
932,62,32,cte234
933,62,32,cte389
934,62,32,cte1354
935,62,32,cte1509
936,62,32,cte720
937,62,32,cte875
938,62,32,cte389
939,62,32,cte2014
940,62,32,cte2169
941,62,32,cte31
942,62,32,cte562
943,62,32,cte310
944,62,32,cte465
945,62,32,cte132
946,63,33,cte505
947,63,33,cte80
948,63,33,cte235
949,63,33,cte390
950,63,33,cte1355
951,63,33,cte1510
952,63,33,cte721
953,63,33,cte876
954,63,33,cte390
955,63,33,cte2015
956,63,33,cte2170
957,63,33,cte32
958,63,33,cte563
959,63,33,cte311
960,63,33,cte466
961,63,33,cte133
962,64,34,cte506
963,64,34,cte81
964,64,34,cte236
965,64,34,cte391
966,64,34,cte1356
967,64,34,cte1511
968,64,34,cte722
969,64,34,cte877
970,64,34,cte391
971,64,34,cte2016
972,64,34,cte2171
973,64,34,cte33
974,64,34,cte564
975,64,34,cte312
976,64,34,cte467
977,64,34,cte134
978,65,35,cte507
979,65,35,cte82
980,65,35,cte237
981,65,35,cte392
982,65,35,cte1357
983,65,35,cte1512
984,65,35,cte723
985,65,35,cte878
986,65,35,cte392
987,65,35,cte2017
988,65,35,cte2172
989,65,35,cte34
990,65,35,cte565
991,65,35,cte313
992,65,35,cte468
993,65,35,cte135
994,66,36,cte508
995,66,36,cte83
996,66,36,cte238
997,66,36,cte393
998,66,36,cte1358
999,66,36,cte1513
1000,66,36,cte724
1001,66,36,cte879
1002,66,36,cte393
1003,66,36,cte2018
1004,66,36,cte2173
1005,66,36,cte35
1006,66,36,cte566
1007,66,36,cte314
1008,66,36,cte469
1009,66,36,cte136
1010,67,37,cte395
1011,67,37,cte509
1012,67,37,cte84
1013,67,37,cte239
1014,67,37,cte394
1015,67,37,cte1245
1016,67,37,cte1359
1017,67,37,cte1514
1018,67,37,cte725
1019,67,37,cte880
1020,67,37,cte280
1021,67,37,cte394
1022,67,37,cte2019
1023,67,37,cte2174
1024,67,37,cte36
1025,67,37,cte453
1026,67,37,cte567
1027,67,37,cte315
1028,67,37,cte470
1029,67,37,cte137
1030,68,38,cte510
1031,68,38,cte85
1032,68,38,cte240
1033,68,38,cte395
1034,68,38,cte1360
1035,68,38,cte1515
1036,68,38,cte726
1037,68,38,cte881
1038,68,38,cte395
1039,68,38,cte2020
1040,68,38,cte2175
1041,68,38,cte37
1042,68,38,cte568
1043,68,38,cte316
1044,68,38,cte471
1045,68,38,cte138
1046,69,39,cte511
1047,69,39,cte86
1048,69,39,cte241
1049,69,39,cte396
1050,69,39,cte1361
1051,69,39,cte1516
1052,69,39,cte727
1053,69,39,cte882
1054,69,39,cte396
1055,69,39,cte2021
1056,69,39,cte2176
1057,69,39,cte38
1058,69,39,cte569
1059,69,39,cte317
1060,69,39,cte472
1061,69,39,cte139
1062,70,40,cte512
1063,70,40,cte87
1064,70,40,cte242
1065,70,40,cte397
1066,70,40,cte1362
1067,70,40,cte1517
1068,70,40,cte728
1069,70,40,cte883
1070,70,40,cte397
1071,70,40,cte2022
1072,70,40,cte2177
1073,70,40,cte39
1074,70,40,cte570
1075,70,40,cte318
1076,70,40,cte473
1077,70,40,cte140
1078,71,41,cte513
1079,71,41,cte88
1080,71,41,cte243
1081,71,41,cte398
1082,71,41,cte1363
1083,71,41,cte1518
1084,71,41,cte729
1085,71,41,cte884
1086,71,41,cte398
1087,71,41,cte2023
1088,71,41,cte2178
1089,71,41,cte40
1090,71,41,cte571
1091,71,41,cte319
1092,71,41,cte474
1093,71,41,cte141
1094,72,42,cte514
1095,72,42,cte89
1096,72,42,cte244
1097,72,42,cte399
1098,72,42,cte1364
1099,72,42,cte1519
1100,72,42,cte730
1101,72,42,cte885
1102,72,42,cte399
1103,72,42,cte2024
1104,72,42,cte2179
1105,72,42,cte41
1106,72,42,cte572
1107,72,42,cte320
1108,72,42,cte475
1109,72,42,cte142
1110,73,43,cte515
1111,73,43,cte90
1112,73,43,cte245
1113,73,43,cte400
1114,73,43,cte1365
1115,73,43,cte1520
1116,73,43,cte731
1117,73,43,cte886
1118,73,43,cte400
1119,73,43,cte2025
1120,73,43,cte2180
1121,73,43,cte42
1122,73,43,cte573
1123,73,43,cte321
1124,73,43,cte476
1125,73,43,cte143
1126,74,44,cte516
1127,74,44,cte91
1128,74,44,cte246
1129,74,44,cte401
1130,74,44,cte1366
1131,74,44,cte1521
1132,74,44,cte732
1133,74,44,cte887
1134,74,44,cte401
1135,74,44,cte2026
1136,74,44,cte2181
1137,74,44,cte43
1138,74,44,cte574
1139,74,44,cte322
1140,74,44,cte477
1141,74,44,cte144
1142,75,45,cte517
1143,75,45,cte92
1144,75,45,cte247
1145,75,45,cte402
1146,75,45,cte1367
1147,75,45,cte1522
1148,75,45,cte733
1149,75,45,cte888
1150,75,45,cte402
1151,75,45,cte2027
1152,75,45,cte2182
1153,75,45,cte44
1154,75,45,cte575
1155,75,45,cte323
1156,75,45,cte478
1157,75,45,cte145
1158,76,46,cte518
1159,76,46,cte93
1160,76,46,cte248
1161,76,46,cte403
1162,76,46,cte1368
1163,76,46,cte1523
1164,76,46,cte734
1165,76,46,cte889
1166,76,46,cte403
1167,76,46,cte2028
1168,76,46,cte2183
1169,76,46,cte45
1170,76,46,cte576
1171,76,46,cte324
1172,76,46,cte479
1173,76,46,cte146
1174,77,47,cte519
1175,77,47,cte94
1176,77,47,cte249
1177,77,47,cte404
1178,77,47,cte1369
1179,77,47,cte1524
1180,77,47,cte735
1181,77,47,cte890
1182,77,47,cte404
1183,77,47,cte2029
1184,77,47,cte2184
1185,77,47,cte46
1186,77,47,cte577
1187,77,47,cte325
1188,77,47,cte480
1189,77,47,cte147
1190,78,48,cte396
1191,78,48,cte520
1192,78,48,cte95
1193,78,48,cte250
1194,78,48,cte405
1195,78,48,cte1246
1196,78,48,cte1370
1197,78,48,cte1525
1198,78,48,cte736
1199,78,48,cte891
1200,78,48,cte281
1201,78,48,cte405
1202,78,48,cte2030
1203,78,48,cte2185
1204,78,48,cte47
1205,78,48,cte454
1206,78,48,cte578
1207,78,48,cte326
1208,78,48,cte481
1209,78,48,cte148
1210,79,10,cte521
1211,79,10,cte96
1212,79,10,cte251
1213,79,10,cte406
1214,79,10,cte1371
1215,79,10,cte1526
1216,79,10,cte737
1217,79,10,cte892
1218,79,10,cte406
1219,79,10,cte2031
1220,79,10,cte2186
1221,79,10,cte48
1222,79,10,cte579
1223,79,10,cte327
1224,79,10,cte482
1225,79,10,cte149
1226,80,11,cte522
1227,80,11,cte97
1228,80,11,cte252
1229,80,11,cte407
1230,80,11,cte1372
1231,80,11,cte1527
1232,80,11,cte738
1233,80,11,cte893
1234,80,11,cte407
1235,80,11,cte2032
1236,80,11,cte2187
1237,80,11,cte49
1238,80,11,cte580
1239,80,11,cte328
1240,80,11,cte483
1241,80,11,cte150
1242,81,12,cte523
1243,81,12,cte98
1244,81,12,cte253
1245,81,12,cte408
1246,81,12,cte1373
1247,81,12,cte1528
1248,81,12,cte739
1249,81,12,cte894
1250,81,12,cte408
1251,81,12,cte2033
1252,81,12,cte2188
1253,81,12,cte50
1254,81,12,cte581
1255,81,12,cte329
1256,81,12,cte484
1257,81,12,cte151
1258,82,13,cte524
1259,82,13,cte99
1260,82,13,cte254
1261,82,13,cte409
1262,82,13,cte1374
1263,82,13,cte1529
1264,82,13,cte740
1265,82,13,cte895
1266,82,13,cte409
1267,82,13,cte2034
1268,82,13,cte2189
1269,82,13,cte51
1270,82,13,cte582
1271,82,13,cte330
1272,82,13,cte485
1273,82,13,cte152
1274,83,14,cte525
1275,83,14,cte100
1276,83,14,cte255
1277,83,14,cte410
1278,83,14,cte1375
1279,83,14,cte1530
1280,83,14,cte741
1281,83,14,cte896
1282,83,14,cte410
1283,83,14,cte2035
1284,83,14,cte2190
1285,83,14,cte52
1286,83,14,cte583
1287,83,14,cte331
1288,83,14,cte486
1289,83,14,cte153
1290,84,15,cte526
1291,84,15,cte101
1292,84,15,cte256
1293,84,15,cte411
1294,84,15,cte1376
1295,84,15,cte1531
1296,84,15,cte742
1297,84,15,cte897
1298,84,15,cte411
1299,84,15,cte2036
1300,84,15,cte2191
1301,84,15,cte53
1302,84,15,cte584
1303,84,15,cte332
1304,84,15,cte487
1305,84,15,cte154
1306,85,16,cte527
1307,85,16,cte102
1308,85,16,cte257
1309,85,16,cte412
1310,85,16,cte1377
1311,85,16,cte1532
1312,85,16,cte743
1313,85,16,cte898
1314,85,16,cte412
1315,85,16,cte2037
1316,85,16,cte2192
1317,85,16,cte54
1318,85,16,cte585
1319,85,16,cte333
1320,85,16,cte488
1321,85,16,cte155
1322,86,17,cte528
1323,86,17,cte103
1324,86,17,cte258
1325,86,17,cte413
1326,86,17,cte1378
1327,86,17,cte1533
1328,86,17,cte744
1329,86,17,cte899
1330,86,17,cte413
1331,86,17,cte2038
1332,86,17,cte2193
1333,86,17,cte55
1334,86,17,cte586
1335,86,17,cte334
1336,86,17,cte489
1337,86,17,cte156
1338,87,18,cte529
1339,87,18,cte104
1340,87,18,cte259
1341,87,18,cte414
1342,87,18,cte1379
1343,87,18,cte1534
1344,87,18,cte745
1345,87,18,cte900
1346,87,18,cte414
1347,87,18,cte2039
1348,87,18,cte2194
1349,87,18,cte56
1350,87,18,cte587
1351,87,18,cte335
1352,87,18,cte490
1353,87,18,cte157
1354,88,19,cte530
1355,88,19,cte105
1356,88,19,cte260
1357,88,19,cte415
1358,88,19,cte1380
1359,88,19,cte1535
1360,88,19,cte746
1361,88,19,cte901
1362,88,19,cte415
1363,88,19,cte2040
1364,88,19,cte2195
1365,88,19,cte57
1366,88,19,cte588
1367,88,19,cte336
1368,88,19,cte491
1369,88,19,cte158
1370,89,20,cte397
1371,89,20,cte531
1372,89,20,cte106
1373,89,20,cte261
1374,89,20,cte416
1375,89,20,cte1247
1376,89,20,cte1381
1377,89,20,cte1536
1378,89,20,cte747
1379,89,20,cte902
1380,89,20,cte282
1381,89,20,cte416
1382,89,20,cte2041
1383,89,20,cte2196
1384,89,20,cte58
1385,89,20,cte455
1386,89,20,cte589
1387,89,20,cte337
1388,89,20,cte492
1389,89,20,cte159
1390,90,21,cte532
1391,90,21,cte547
1392,90,21,cte107
1393,90,21,cte122
1394,90,21,cte262
1395,90,21,cte277
1396,90,21,cte417
1397,90,21,cte432
1398,90,21,cte1382
1399,90,21,cte1397
1400,90,21,cte1537
1401,90,21,cte1552
1402,90,21,cte748
1403,90,21,cte763
1404,90,21,cte903
1405,90,21,cte918
1406,90,21,cte417
1407,90,21,cte432
1408,90,21,cte2042
1409,90,21,cte2057
1410,90,21,cte2197
1411,90,21,cte2212
1412,90,21,cte59
1413,90,21,cte74
1414,90,21,cte590
1415,90,21,cte605
1416,90,21,cte338
1417,90,21,cte353
1418,90,21,cte493
1419,90,21,cte508
1420,90,21,cte160
1421,90,21,cte175
1422,91,22,cte533
1423,91,22,cte108
1424,91,22,cte263
1425,91,22,cte418
1426,91,22,cte1383
1427,91,22,cte1538
1428,91,22,cte749
1429,91,22,cte904
1430,91,22,cte418
1431,91,22,cte2043
1432,91,22,cte2198
1433,91,22,cte60
1434,91,22,cte591
1435,91,22,cte339
1436,91,22,cte494
1437,91,22,cte161
1438,92,23,cte534
1439,92,23,cte109
1440,92,23,cte264
1441,92,23,cte419
1442,92,23,cte1384
1443,92,23,cte1539
1444,92,23,cte750
1445,92,23,cte905
1446,92,23,cte419
1447,92,23,cte2044
1448,92,23,cte2199
1449,92,23,cte61
1450,92,23,cte592
1451,92,23,cte340
1452,92,23,cte495
1453,92,23,cte162
1454,93,24,cte535
1455,93,24,cte110
1456,93,24,cte265
1457,93,24,cte420
1458,93,24,cte1385
1459,93,24,cte1540
1460,93,24,cte751
1461,93,24,cte906
1462,93,24,cte420
1463,93,24,cte2045
1464,93,24,cte2200
1465,93,24,cte62
1466,93,24,cte593
1467,93,24,cte341
1468,93,24,cte496
1469,93,24,cte163
1470,94,25,cte536
1471,94,25,cte111
1472,94,25,cte266
1473,94,25,cte421
1474,94,25,cte1386
1475,94,25,cte1541
1476,94,25,cte752
1477,94,25,cte907
1478,94,25,cte421
1479,94,25,cte2046
1480,94,25,cte2201
1481,94,25,cte63
1482,94,25,cte594
1483,94,25,cte342
1484,94,25,cte497
1485,94,25,cte164
1486,95,26,cte537
1487,95,26,cte112
1488,95,26,cte267
1489,95,26,cte422
1490,95,26,cte1387
1491,95,26,cte1542
1492,95,26,cte753
1493,95,26,cte908
1494,95,26,cte422
1495,95,26,cte2047
1496,95,26,cte2202
1497,95,26,cte64
1498,95,26,cte595
1499,95,26,cte343
1500,95,26,cte498
1501,95,26,cte165
1502,96,27,cte538
1503,96,27,cte113
1504,96,27,cte268
1505,96,27,cte423
1506,96,27,cte1388
1507,96,27,cte1543
1508,96,27,cte754
1509,96,27,cte909
1510,96,27,cte423
1511,96,27,cte2048
1512,96,27,cte2203
1513,96,27,cte65
1514,96,27,cte596
1515,96,27,cte344
1516,96,27,cte499
1517,96,27,cte166
1518,97,28,cte539
1519,97,28,cte114
1520,97,28,cte269
1521,97,28,cte424
1522,97,28,cte1389
1523,97,28,cte1544
1524,97,28,cte755
1525,97,28,cte910
1526,97,28,cte424
1527,97,28,cte2049
1528,97,28,cte2204
1529,97,28,cte66
1530,97,28,cte597
1531,97,28,cte345
1532,97,28,cte500
1533,97,28,cte167
1534,100,31,cte2
1535,100,31,cte23
1536,100,31,cte27
1537,100,31,cte43
1538,100,31,cte211
1539,100,31,cte230
1540,100,31,cte246
1541,100,31,cte251
1542,100,31,cte267
1543,100,31,cte271
1544,100,31,cte287
1545,100,31,cte351
1546,100,31,cte370
1547,100,31,cte386
1548,100,31,cte398
1549,100,31,cte527
1550,100,31,cte543
1551,100,31,cte547
1552,100,31,cte563
1553,100,31,cte1061
1554,100,31,cte1080
1555,100,31,cte1096
1556,100,31,cte1101
1557,100,31,cte1117
1558,100,31,cte1121
1559,100,31,cte1137
1560,100,31,cte1201
1561,100,31,cte1220
1562,100,31,cte1236
1563,100,31,cte1248
1564,100,31,cte1013
1565,100,31,cte12
1566,100,31,cte16
1567,100,31,cte32
1568,100,31,cte96
1569,100,31,cte115
1570,100,31,cte131
1571,100,31,cte136
1572,100,31,cte152
1573,100,31,cte156
1574,100,31,cte172
1575,100,31,cte236
1576,100,31,cte255
1577,100,31,cte271
1578,100,31,cte283
1579,100,31,cte169
1580,100,31,cte185
1581,100,31,cte189
1582,100,31,cte205
1583,100,31,cte269
1584,100,31,cte288
1585,100,31,cte304
1586,100,31,cte309
1587,100,31,cte325
1588,100,31,cte329
1589,100,31,cte345
1590,100,31,cte409
1591,100,31,cte428
1592,100,31,cte444
1593,100,31,cte456
1594,100,31,cte270
1595,111,42,cte399
1596,111,42,cte1249
1597,111,42,cte284
1598,111,42,cte457
1599,120,12,cte548
1600,120,12,cte123
1601,120,12,cte278
1602,120,12,cte433
1603,120,12,cte1398
1604,120,12,cte1553
1605,120,12,cte764
1606,120,12,cte919
1607,120,12,cte433
1608,120,12,cte2058
1609,120,12,cte2213
1610,120,12,cte75
1611,120,12,cte606
1612,120,12,cte354
1613,120,12,cte509
1614,120,12,cte176
1615,122,14,cte400
1616,122,14,cte1250
1617,122,14,cte285
1618,122,14,cte458
1619,133,25,cte401
1620,133,25,cte1251
1621,133,25,cte286
1622,133,25,cte459
1623,141,33,cte226
1624,141,33,cte366
1625,141,33,cte1076
1626,141,33,cte1216
1627,141,33,cte111
1628,141,33,cte251
1629,141,33,cte284
1630,141,33,cte424
1631,142,34,cte225
1632,142,34,cte365
1633,142,34,cte1075
1634,142,34,cte1215
1635,142,34,cte110
1636,142,34,cte250
1637,142,34,cte283
1638,142,34,cte423
1639,143,35,cte224
1640,143,35,cte364
1641,143,35,cte1074
1642,143,35,cte1214
1643,143,35,cte109
1644,143,35,cte249
1645,143,35,cte282
1646,143,35,cte422
1647,144,36,cte223
1648,144,36,cte363
1649,144,36,cte402
1650,144,36,cte1073
1651,144,36,cte1213
1652,144,36,cte1252
1653,144,36,cte108
1654,144,36,cte248
1655,144,36,cte287
1656,144,36,cte281
1657,144,36,cte421
1658,144,36,cte460
1659,145,37,cte222
1660,145,37,cte362
1661,145,37,cte1072
1662,145,37,cte1212
1663,145,37,cte107
1664,145,37,cte247
1665,145,37,cte280
1666,145,37,cte420
1667,146,38,cte221
1668,146,38,cte361
1669,146,38,cte1071
1670,146,38,cte1211
1671,146,38,cte106
1672,146,38,cte246
1673,146,38,cte279
1674,146,38,cte419
1675,147,39,cte220
1676,147,39,cte360
1677,147,39,cte1070
1678,147,39,cte1210
1679,147,39,cte105
1680,147,39,cte245
1681,147,39,cte278
1682,147,39,cte418
1683,148,40,cte219
1684,148,40,cte359
1685,148,40,cte1069
1686,148,40,cte1209
1687,148,40,cte104
1688,148,40,cte244
1689,148,40,cte277
1690,148,40,cte417
1691,150,42,cte549
1692,150,42,cte124
1693,150,42,cte279
1694,150,42,cte434
1695,150,42,cte1399
1696,150,42,cte1554
1697,150,42,cte765
1698,150,42,cte920
1699,150,42,cte434
1700,150,42,cte2059
1701,150,42,cte2214
1702,150,42,cte76
1703,150,42,cte607
1704,150,42,cte355
1705,150,42,cte510
1706,150,42,cte177
1707,151,43,cte216
1708,151,43,cte356
1709,151,43,cte1066
1710,151,43,cte1206
1711,151,43,cte101
1712,151,43,cte241
1713,151,43,cte274
1714,151,43,cte414
1715,152,44,cte215
1716,152,44,cte355
1717,152,44,cte1065
1718,152,44,cte1205
1719,152,44,cte100
1720,152,44,cte240
1721,152,44,cte273
1722,152,44,cte413
1723,153,45,cte214
1724,153,45,cte354
1725,153,45,cte1064
1726,153,45,cte1204
1727,153,45,cte99
1728,153,45,cte239
1729,153,45,cte272
1730,153,45,cte412
1731,154,46,cte213
1732,154,46,cte353
1733,154,46,cte1063
1734,154,46,cte1203
1735,154,46,cte98
1736,154,46,cte238
1737,154,46,cte271
1738,154,46,cte411
1739,155,47,cte212
1740,155,47,cte352
1741,155,47,cte403
1742,155,47,cte1062
1743,155,47,cte1202
1744,155,47,cte1253
1745,155,47,cte97
1746,155,47,cte237
1747,155,47,cte288
1748,155,47,cte270
1749,155,47,cte410
1750,155,47,cte461
1751,157,10,cte210
1752,157,10,cte350
1753,157,10,cte1060
1754,157,10,cte1200
1755,157,10,cte95
1756,157,10,cte235
1757,157,10,cte268
1758,157,10,cte408
1759,158,11,cte209
1760,158,11,cte349
1761,158,11,cte1059
1762,158,11,cte1199
1763,158,11,cte94
1764,158,11,cte234
1765,158,11,cte267
1766,158,11,cte407
1767,159,12,cte208
1768,159,12,cte348
1769,159,12,cte1058
1770,159,12,cte1198
1771,159,12,cte93
1772,159,12,cte233
1773,159,12,cte266
1774,159,12,cte406
1775,160,13,cte207
1776,160,13,cte347
1777,160,13,cte1057
1778,160,13,cte1197
1779,160,13,cte92
1780,160,13,cte232
1781,160,13,cte265
1782,160,13,cte405
1783,161,14,cte206
1784,161,14,cte346
1785,161,14,cte1056
1786,161,14,cte1196
1787,161,14,cte91
1788,161,14,cte231
1789,161,14,cte264
1790,161,14,cte404
1791,162,15,cte205
1792,162,15,cte345
1793,162,15,cte1055
1794,162,15,cte1195
1795,162,15,cte90
1796,162,15,cte230
1797,162,15,cte263
1798,162,15,cte403
1799,163,16,cte204
1800,163,16,cte344
1801,163,16,cte1054
1802,163,16,cte1194
1803,163,16,cte89
1804,163,16,cte229
1805,163,16,cte262
1806,163,16,cte402
1807,164,17,cte203
1808,164,17,cte343
1809,164,17,cte1053
1810,164,17,cte1193
1811,164,17,cte88
1812,164,17,cte228
1813,164,17,cte261
1814,164,17,cte401
1815,165,18,cte202
1816,165,18,cte342
1817,165,18,cte1052
1818,165,18,cte1192
1819,165,18,cte87
1820,165,18,cte227
1821,165,18,cte260
1822,165,18,cte400
1823,166,19,cte201
1824,166,19,cte341
1825,166,19,cte404
1826,166,19,cte1051
1827,166,19,cte1191
1828,166,19,cte1254
1829,166,19,cte86
1830,166,19,cte226
1831,166,19,cte289
1832,166,19,cte259
1833,166,19,cte399
1834,166,19,cte462
1835,167,20,cte200
1836,167,20,cte340
1837,167,20,cte1050
1838,167,20,cte1190
1839,167,20,cte85
1840,167,20,cte225
1841,167,20,cte258
1842,167,20,cte398
1843,168,21,cte95
1844,168,21,cte339
1845,168,21,cte1049
1846,168,21,cte1189
1847,168,21,cte84
1848,168,21,cte224
1849,168,21,cte257
1850,168,21,cte397
1851,169,22,cte94
1852,169,22,cte338
1853,169,22,cte1048
1854,169,22,cte1188
1855,169,22,cte83
1856,169,22,cte223
1857,169,22,cte256
1858,169,22,cte396
1859,170,23,cte93
1860,170,23,cte337
1861,170,23,cte1047
1862,170,23,cte1187
1863,170,23,cte82
1864,170,23,cte222
1865,170,23,cte255
1866,170,23,cte395
1867,171,24,cte92
1868,171,24,cte336
1869,171,24,cte1046
1870,171,24,cte1186
1871,171,24,cte81
1872,171,24,cte221
1873,171,24,cte254
1874,171,24,cte394
1875,172,25,cte91
1876,172,25,cte335
1877,172,25,cte1045
1878,172,25,cte1185
1879,172,25,cte80
1880,172,25,cte220
1881,172,25,cte253
1882,172,25,cte393
1883,173,26,cte90
1884,173,26,cte334
1885,173,26,cte1044
1886,173,26,cte1184
1887,173,26,cte79
1888,173,26,cte219
1889,173,26,cte252
1890,173,26,cte392
1891,174,27,cte89
1892,174,27,cte333
1893,174,27,cte1043
1894,174,27,cte1183
1895,174,27,cte78
1896,174,27,cte218
1897,174,27,cte251
1898,174,27,cte391
1899,175,28,cte88
1900,175,28,cte332
1901,175,28,cte1042
1902,175,28,cte1182
1903,175,28,cte77
1904,175,28,cte217
1905,175,28,cte250
1906,175,28,cte390
1907,176,29,cte87
1908,176,29,cte331
1909,176,29,cte1041
1910,176,29,cte1181
1911,176,29,cte76
1912,176,29,cte216
1913,176,29,cte249
1914,176,29,cte389
1915,177,30,cte86
1916,177,30,cte330
1917,177,30,cte405
1918,177,30,cte1040
1919,177,30,cte1180
1920,177,30,cte1255
1921,177,30,cte75
1922,177,30,cte215
1923,177,30,cte290
1924,177,30,cte248
1925,177,30,cte388
1926,177,30,cte463
1927,178,31,cte85
1928,178,31,cte329
1929,178,31,cte1039
1930,178,31,cte1179
1931,178,31,cte74
1932,178,31,cte214
1933,178,31,cte247
1934,178,31,cte387
1935,179,32,cte84
1936,179,32,cte328
1937,179,32,cte1038
1938,179,32,cte1178
1939,179,32,cte73
1940,179,32,cte213
1941,179,32,cte246
1942,179,32,cte386
1943,180,33,cte83
1944,180,33,cte327
1945,180,33,cte550
1946,180,33,cte125
1947,180,33,cte280
1948,180,33,cte435
1949,180,33,cte1037
1950,180,33,cte1177
1951,180,33,cte1400
1952,180,33,cte1555
1953,180,33,cte766
1954,180,33,cte921
1955,180,33,cte72
1956,180,33,cte212
1957,180,33,cte435
1958,180,33,cte2060
1959,180,33,cte2215
1960,180,33,cte77
1961,180,33,cte245
1962,180,33,cte385
1963,180,33,cte608
1964,180,33,cte356
1965,180,33,cte511
1966,180,33,cte178
1967,181,34,cte82
1968,181,34,cte326
1969,181,34,cte1036
1970,181,34,cte1176
1971,181,34,cte71
1972,181,34,cte211
1973,181,34,cte244
1974,181,34,cte384
1975,182,35,cte81
1976,182,35,cte325
1977,182,35,cte1035
1978,182,35,cte1175
1979,182,35,cte70
1980,182,35,cte210
1981,182,35,cte243
1982,182,35,cte383
1983,183,36,cte80
1984,183,36,cte324
1985,183,36,cte1034
1986,183,36,cte1174
1987,183,36,cte69
1988,183,36,cte209
1989,183,36,cte242
1990,183,36,cte382
1991,184,37,cte79
1992,184,37,cte323
1993,184,37,cte1033
1994,184,37,cte1173
1995,184,37,cte68
1996,184,37,cte208
1997,184,37,cte241
1998,184,37,cte381
1999,185,38,cte78
2000,185,38,cte322
2001,185,38,cte1032
2002,185,38,cte1172
2003,185,38,cte67
2004,185,38,cte207
2005,185,38,cte240
2006,185,38,cte380
2007,186,39,cte77
2008,186,39,cte321
2009,186,39,cte1031
2010,186,39,cte1171
2011,186,39,cte66
2012,186,39,cte206
2013,186,39,cte239
2014,186,39,cte379
2015,187,40,cte76
2016,187,40,cte320
2017,187,40,cte1030
2018,187,40,cte1170
2019,187,40,cte65
2020,187,40,cte205
2021,187,40,cte238
2022,187,40,cte378
2023,188,41,cte75
2024,188,41,cte319
2025,188,41,cte406
2026,188,41,cte1029
2027,188,41,cte1169
2028,188,41,cte1256
2029,188,41,cte64
2030,188,41,cte204
2031,188,41,cte291
2032,188,41,cte237
2033,188,41,cte377
2034,188,41,cte464
2035,189,42,cte74
2036,189,42,cte318
2037,189,42,cte1028
2038,189,42,cte1168
2039,189,42,cte63
2040,189,42,cte203
2041,189,42,cte236
2042,189,42,cte376
2043,190,43,cte73
2044,190,43,cte317
2045,190,43,cte1027
2046,190,43,cte1167
2047,190,43,cte62
2048,190,43,cte202
2049,190,43,cte235
2050,190,43,cte375
2051,191,44,cte72
2052,191,44,cte316
2053,191,44,cte1026
2054,191,44,cte1166
2055,191,44,cte61
2056,191,44,cte201
2057,191,44,cte234
2058,191,44,cte374
2059,192,45,cte71
2060,192,45,cte315
2061,192,45,cte1025
2062,192,45,cte1165
2063,192,45,cte60
2064,192,45,cte200
2065,192,45,cte233
2066,192,45,cte373
2067,193,46,cte70
2068,193,46,cte314
2069,193,46,cte1024
2070,193,46,cte1164
2071,193,46,cte59
2072,193,46,cte199
2073,193,46,cte232
2074,193,46,cte372
2075,194,47,cte69
2076,194,47,cte313
2077,194,47,cte1023
2078,194,47,cte1163
2079,194,47,cte58
2080,194,47,cte198
2081,194,47,cte231
2082,194,47,cte371
2083,195,48,cte68
2084,195,48,cte312
2085,195,48,cte1022
2086,195,48,cte1162
2087,195,48,cte57
2088,195,48,cte197
2089,195,48,cte230
2090,195,48,cte370
2091,196,10,cte67
2092,196,10,cte311
2093,196,10,cte1021
2094,196,10,cte1161
2095,196,10,cte56
2096,196,10,cte196
2097,196,10,cte229
2098,196,10,cte369
2099,197,11,cte66
2100,197,11,cte310
2101,197,11,cte1020
2102,197,11,cte1160
2103,197,11,cte55
2104,197,11,cte195
2105,197,11,cte228
2106,197,11,cte368
2107,198,12,cte65
2108,198,12,cte309
2109,198,12,cte1019
2110,198,12,cte1159
2111,198,12,cte54
2112,198,12,cte194
2113,198,12,cte227
2114,198,12,cte367
2115,199,13,cte64
2116,199,13,cte308
2117,199,13,cte407
2118,199,13,cte1018
2119,199,13,cte1158
2120,199,13,cte1257
2121,199,13,cte53
2122,199,13,cte193
2123,199,13,cte292
2124,199,13,cte226
2125,199,13,cte366
2126,199,13,cte465
2127,200,14,cte1
2128,200,14,cte26
2129,200,14,cte63
2130,200,14,cte229
2131,200,14,cte250
2132,200,14,cte270
2133,200,14,cte307
2134,200,14,cte369
2135,200,14,cte526
2136,200,14,cte546
2137,200,14,cte1017
2138,200,14,cte1079
2139,200,14,cte1100
2140,200,14,cte1120
2141,200,14,cte1157
2142,200,14,cte1219
2143,200,14,cte1012
2144,200,14,cte15
2145,200,14,cte52
2146,200,14,cte114
2147,200,14,cte135
2148,200,14,cte155
2149,200,14,cte192
2150,200,14,cte254
2151,200,14,cte168
2152,200,14,cte188
2153,200,14,cte225
2154,200,14,cte287
2155,200,14,cte308
2156,200,14,cte328
2157,200,14,cte365
2158,200,14,cte427
2159,200,14,cte269
2160,201,15,cte62
2161,201,15,cte306
2162,201,15,cte1016
2163,201,15,cte1156
2164,201,15,cte51
2165,201,15,cte191
2166,201,15,cte224
2167,201,15,cte364
2168,202,16,cte61
2169,202,16,cte305
2170,202,16,cte1015
2171,202,16,cte1155
2172,202,16,cte50
2173,202,16,cte190
2174,202,16,cte223
2175,202,16,cte363
2176,203,17,cte60
2177,203,17,cte304
2178,203,17,cte1014
2179,203,17,cte1154
2180,203,17,cte49
2181,203,17,cte189
2182,203,17,cte222
2183,203,17,cte362
2184,204,18,cte59
2185,204,18,cte303
2186,204,18,cte1013
2187,204,18,cte1153
2188,204,18,cte48
2189,204,18,cte188
2190,204,18,cte221
2191,204,18,cte361
2192,205,19,cte58
2193,205,19,cte302
2194,205,19,cte1012
2195,205,19,cte1152
2196,205,19,cte47
2197,205,19,cte187
2198,205,19,cte220
2199,205,19,cte360
2200,206,20,cte57
2201,206,20,cte301
2202,206,20,cte1011
2203,206,20,cte1151
2204,206,20,cte46
2205,206,20,cte186
2206,206,20,cte219
2207,206,20,cte359
2208,207,21,cte56
2209,207,21,cte300
2210,207,21,cte1010
2211,207,21,cte1150
2212,207,21,cte45
2213,207,21,cte185
2214,207,21,cte218
2215,207,21,cte358
2216,208,22,cte55
2217,208,22,cte299
2218,208,22,cte1009
2219,208,22,cte1149
2220,208,22,cte44
2221,208,22,cte184
2222,208,22,cte217
2223,208,22,cte357
2224,209,23,cte54
2225,209,23,cte298
2226,209,23,cte1008
2227,209,23,cte1148
2228,209,23,cte43
2229,209,23,cte183
2230,209,23,cte216
2231,209,23,cte356
2232,210,24,cte53
2233,210,24,cte297
2234,210,24,cte408
2235,210,24,cte551
2236,210,24,cte126
2237,210,24,cte281
2238,210,24,cte436
2239,210,24,cte1007
2240,210,24,cte1147
2241,210,24,cte1258
2242,210,24,cte1401
2243,210,24,cte1556
2244,210,24,cte767
2245,210,24,cte922
2246,210,24,cte42
2247,210,24,cte182
2248,210,24,cte293
2249,210,24,cte436
2250,210,24,cte2061
2251,210,24,cte2216
2252,210,24,cte78
2253,210,24,cte215
2254,210,24,cte355
2255,210,24,cte466
2256,210,24,cte609
2257,210,24,cte357
2258,210,24,cte512
2259,210,24,cte179
2260,211,25,cte52
2261,211,25,cte296
2262,211,25,cte1006
2263,211,25,cte1146
2264,211,25,cte41
2265,211,25,cte181
2266,211,25,cte214
2267,211,25,cte354
2268,212,26,cte51
2269,212,26,cte295
2270,212,26,cte1005
2271,212,26,cte1145
2272,212,26,cte40
2273,212,26,cte180
2274,212,26,cte213
2275,212,26,cte353
2276,213,27,cte50
2277,213,27,cte294
2278,213,27,cte1004
2279,213,27,cte1144
2280,213,27,cte39
2281,213,27,cte179
2282,213,27,cte212
2283,213,27,cte352
2284,214,28,cte49
2285,214,28,cte293
2286,214,28,cte1003
2287,214,28,cte1143
2288,214,28,cte38
2289,214,28,cte178
2290,214,28,cte211
2291,214,28,cte351
2292,215,29,cte48
2293,215,29,cte292
2294,215,29,cte1002
2295,215,29,cte1142
2296,215,29,cte37
2297,215,29,cte177
2298,215,29,cte210
2299,215,29,cte350
2300,216,30,cte47
2301,216,30,cte291
2302,216,30,cte1001
2303,216,30,cte1141
2304,216,30,cte36
2305,216,30,cte176
2306,216,30,cte209
2307,216,30,cte349
2308,217,31,cte46
2309,217,31,cte249
2310,217,31,cte290
2311,217,31,cte389
2312,217,31,cte1000
2313,217,31,cte1099
2314,217,31,cte1140
2315,217,31,cte1239
2316,217,31,cte35
2317,217,31,cte134
2318,217,31,cte175
2319,217,31,cte274
2320,217,31,cte208
2321,217,31,cte307
2322,217,31,cte348
2323,217,31,cte447
2324,218,32,cte45
2325,218,32,cte248
2326,218,32,cte289
2327,218,32,cte388
2328,218,32,cte565
2329,218,32,cte1098
2330,218,32,cte1139
2331,218,32,cte1238
2332,218,32,cte34
2333,218,32,cte133
2334,218,32,cte174
2335,218,32,cte273
2336,218,32,cte207
2337,218,32,cte306
2338,218,32,cte347
2339,218,32,cte446
2340,220,34,cte6
2341,220,34,cte31
2342,220,34,cte234
2343,220,34,cte255
2344,220,34,cte275
2345,220,34,cte374
2346,220,34,cte531
2347,220,34,cte551
2348,220,34,cte1084
2349,220,34,cte1105
2350,220,34,cte1125
2351,220,34,cte1224
2352,220,34,cte1017
2353,220,34,cte20
2354,220,34,cte119
2355,220,34,cte140
2356,220,34,cte160
2357,220,34,cte259
2358,220,34,cte173
2359,220,34,cte193
2360,220,34,cte292
2361,220,34,cte313
2362,220,34,cte333
2363,220,34,cte432
2364,220,34,cte274
2365,221,35,cte409
2366,221,35,cte1259
2367,221,35,cte294
2368,221,35,cte467
2369,232,46,cte410
2370,232,46,cte1260
2371,232,46,cte295
2372,232,46,cte468
2373,240,85,cte552
2374,240,85,cte127
2375,240,85,cte282
2376,240,85,cte437
2377,240,85,cte1402
2378,240,85,cte1557
2379,240,85,cte768
2380,240,85,cte923
2381,240,85,cte437
2382,240,85,cte2062
2383,240,85,cte2217
2384,240,85,cte79
2385,240,85,cte610
2386,240,85,cte358
2387,240,85,cte513
2388,240,85,cte180
2389,243,88,cte411
2390,243,88,cte1261
2391,243,88,cte296
2392,243,88,cte469
2393,250,95,cte4
2394,250,95,cte29
2395,250,95,cte232
2396,250,95,cte253
2397,250,95,cte273
2398,250,95,cte372
2399,250,95,cte529
2400,250,95,cte549
2401,250,95,cte1082
2402,250,95,cte1103
2403,250,95,cte1123
2404,250,95,cte1222
2405,250,95,cte1015
2406,250,95,cte18
2407,250,95,cte117
2408,250,95,cte138
2409,250,95,cte158
2410,250,95,cte257
2411,250,95,cte171
2412,250,95,cte191
2413,250,95,cte290
2414,250,95,cte311
2415,250,95,cte331
2416,250,95,cte430
2417,250,95,cte272
2418,254,99,cte412
2419,254,99,cte1262
2420,254,99,cte297
2421,254,99,cte470
2422,265,110,cte413
2423,265,110,cte1263
2424,265,110,cte298
2425,265,110,cte471
2426,270,115,cte553
2427,270,115,cte128
2428,270,115,cte283
2429,270,115,cte438
2430,270,115,cte1403
2431,270,115,cte1558
2432,270,115,cte769
2433,270,115,cte924
2434,270,115,cte438
2435,270,115,cte2063
2436,270,115,cte2218
2437,270,115,cte80
2438,270,115,cte611
2439,270,115,cte359
2440,270,115,cte514
2441,270,115,cte181
2442,276,121,cte414
2443,276,121,cte1264
2444,276,121,cte299
2445,276,121,cte472
2446,287,132,cte415
2447,287,132,cte1265
2448,287,132,cte300
2449,287,132,cte473
2450,298,143,cte416
2451,298,143,cte1266
2452,298,143,cte301
2453,298,143,cte474
2454,300,145,cte3
2455,300,145,cte28
2456,300,145,cte231
2457,300,145,cte252
2458,300,145,cte272
2459,300,145,cte371
2460,300,145,cte554
2461,300,145,cte129
2462,300,145,cte284
2463,300,145,cte439
2464,300,145,cte528
2465,300,145,cte548
2466,300,145,cte1081
2467,300,145,cte1102
2468,300,145,cte1122
2469,300,145,cte1221
2470,300,145,cte1404
2471,300,145,cte1559
2472,300,145,cte770
2473,300,145,cte925
2474,300,145,cte1014
2475,300,145,cte17
2476,300,145,cte116
2477,300,145,cte137
2478,300,145,cte157
2479,300,145,cte256
2480,300,145,cte439
2481,300,145,cte2064
2482,300,145,cte2219
2483,300,145,cte81
2484,300,145,cte170
2485,300,145,cte190
2486,300,145,cte289
2487,300,145,cte310
2488,300,145,cte330
2489,300,145,cte429
2490,300,145,cte612
2491,300,145,cte360
2492,300,145,cte515
2493,300,145,cte182
2494,300,145,cte271
2495,309,154,cte417
2496,309,154,cte1267
2497,309,154,cte302
2498,309,154,cte475
2499,320,165,cte418
2500,320,165,cte1268
2501,320,165,cte303
2502,320,165,cte476
2503,330,175,cte555
2504,330,175,cte130
2505,330,175,cte285
2506,330,175,cte440
2507,330,175,cte1405
2508,330,175,cte1560
2509,330,175,cte771
2510,330,175,cte926
2511,330,175,cte440
2512,330,175,cte2065
2513,330,175,cte2220
2514,330,175,cte82
2515,330,175,cte613
2516,330,175,cte361
2517,330,175,cte516
2518,330,175,cte183
2519,331,176,cte419
2520,331,176,cte1269
2521,331,176,cte304
2522,331,176,cte477
2523,342,187,cte420
2524,342,187,cte1270
2525,342,187,cte305
2526,342,187,cte478
2527,350,195,cte5
2528,350,195,cte30
2529,350,195,cte233
2530,350,195,cte254
2531,350,195,cte274
2532,350,195,cte373
2533,350,195,cte530
2534,350,195,cte550
2535,350,195,cte1083
2536,350,195,cte1104
2537,350,195,cte1124
2538,350,195,cte1223
2539,350,195,cte1016
2540,350,195,cte19
2541,350,195,cte118
2542,350,195,cte139
2543,350,195,cte159
2544,350,195,cte258
2545,350,195,cte172
2546,350,195,cte192
2547,350,195,cte291
2548,350,195,cte312
2549,350,195,cte332
2550,350,195,cte431
2551,350,195,cte273
2552,353,198,cte421
2553,353,198,cte1271
2554,353,198,cte306
2555,353,198,cte479
2556,360,205,cte556
2557,360,205,cte131
2558,360,205,cte286
2559,360,205,cte441
2560,360,205,cte1406
2561,360,205,cte1561
2562,360,205,cte772
2563,360,205,cte927
2564,360,205,cte441
2565,360,205,cte2066
2566,360,205,cte2221
2567,360,205,cte83
2568,360,205,cte614
2569,360,205,cte362
2570,360,205,cte517
2571,360,205,cte184
2572,364,209,cte422
2573,364,209,cte1272
2574,364,209,cte307
2575,364,209,cte480
2576,375,220,cte423
2577,375,220,cte1273
2578,375,220,cte308
2579,375,220,cte481
2580,386,231,cte424
2581,386,231,cte1274
2582,386,231,cte309
2583,386,231,cte482
2584,390,235,cte557
2585,390,235,cte132
2586,390,235,cte287
2587,390,235,cte442
2588,390,235,cte1407
2589,390,235,cte1562
2590,390,235,cte773
2591,390,235,cte928
2592,390,235,cte442
2593,390,235,cte2067
2594,390,235,cte2222
2595,390,235,cte84
2596,390,235,cte615
2597,390,235,cte363
2598,390,235,cte518
2599,390,235,cte185
2600,397,242,cte425
2601,397,242,cte1275
2602,397,242,cte310
2603,397,242,cte483
2604,408,253,cte426
2605,408,253,cte1276
2606,408,253,cte311
2607,408,253,cte484
2608,419,264,cte427
2609,419,264,cte1277
2610,419,264,cte312
2611,419,264,cte485
2612,420,265,cte558
2613,420,265,cte133
2614,420,265,cte288
2615,420,265,cte443
2616,420,265,cte1408
2617,420,265,cte1563
2618,420,265,cte774
2619,420,265,cte929
2620,420,265,cte443
2621,420,265,cte2068
2622,420,265,cte2223
2623,420,265,cte85
2624,420,265,cte616
2625,420,265,cte364
2626,420,265,cte519
2627,420,265,cte186
2628,430,275,cte428
2629,430,275,cte1278
2630,430,275,cte313
2631,430,275,cte486
2632,441,286,cte429
2633,441,286,cte1279
2634,441,286,cte314
2635,441,286,cte487
2636,450,295,cte559
2637,450,295,cte134
2638,450,295,cte289
2639,450,295,cte444
2640,450,295,cte1409
2641,450,295,cte1564
2642,450,295,cte775
2643,450,295,cte930
2644,450,295,cte444
2645,450,295,cte2069
2646,450,295,cte2224
2647,450,295,cte86
2648,450,295,cte617
2649,450,295,cte365
2650,450,295,cte520
2651,450,295,cte187
2652,452,297,cte430
2653,452,297,cte1280
2654,452,297,cte315
2655,452,297,cte488
2656,463,308,cte431
2657,463,308,cte1281
2658,463,308,cte316
2659,463,308,cte489
2660,474,20,cte432
2661,474,20,cte1282
2662,474,20,cte317
2663,474,20,cte490
2664,480,26,cte560
2665,480,26,cte135
2666,480,26,cte290
2667,480,26,cte445
2668,480,26,cte1410
2669,480,26,cte1565
2670,480,26,cte776
2671,480,26,cte931
2672,480,26,cte445
2673,480,26,cte2070
2674,480,26,cte2225
2675,480,26,cte87
2676,480,26,cte618
2677,480,26,cte366
2678,480,26,cte521
2679,480,26,cte188
2680,485,31,cte433
2681,485,31,cte1283
2682,485,31,cte318
2683,485,31,cte491
2684,496,42,cte434
2685,496,42,cte1284
2686,496,42,cte319
2687,496,42,cte492
2688,507,14,cte435
2689,507,14,cte1285
2690,507,14,cte320
2691,507,14,cte493
2692,510,17,cte561
2693,510,17,cte136
2694,510,17,cte291
2695,510,17,cte446
2696,510,17,cte1411
2697,510,17,cte1566
2698,510,17,cte777
2699,510,17,cte932
2700,510,17,cte446
2701,510,17,cte2071
2702,510,17,cte2226
2703,510,17,cte88
2704,510,17,cte619
2705,510,17,cte367
2706,510,17,cte522
2707,510,17,cte189
2708,518,25,cte436
2709,518,25,cte1286
2710,518,25,cte321
2711,518,25,cte494
2712,529,36,cte437
2713,529,36,cte1287
2714,529,36,cte322
2715,529,36,cte495
2716,540,47,cte438
2717,540,47,cte562
2718,540,47,cte137
2719,540,47,cte292
2720,540,47,cte447
2721,540,47,cte1288
2722,540,47,cte1412
2723,540,47,cte1567
2724,540,47,cte778
2725,540,47,cte933
2726,540,47,cte323
2727,540,47,cte447
2728,540,47,cte2072
2729,540,47,cte2227
2730,540,47,cte89
2731,540,47,cte496
2732,540,47,cte620
2733,540,47,cte368
2734,540,47,cte523
2735,540,47,cte190
2736,551,19,cte439
2737,551,19,cte1289
2738,551,19,cte324
2739,551,19,cte497
2740,562,30,cte440
2741,562,30,cte1290
2742,562,30,cte325
2743,562,30,cte498
2744,570,38,cte563
2745,570,38,cte138
2746,570,38,cte293
2747,570,38,cte448
2748,570,38,cte1413
2749,570,38,cte1568
2750,570,38,cte779
2751,570,38,cte934
2752,570,38,cte448
2753,570,38,cte2073
2754,570,38,cte2228
2755,570,38,cte90
2756,570,38,cte621
2757,570,38,cte369
2758,570,38,cte524
2759,570,38,cte191
2760,573,41,cte441
2761,573,41,cte1291
2762,573,41,cte326
2763,573,41,cte499
2764,584,13,cte442
2765,584,13,cte1292
2766,584,13,cte327
2767,584,13,cte500
2768,600,29,cte564
2769,600,29,cte139
2770,600,29,cte294
2771,600,29,cte449
2772,600,29,cte1414
2773,600,29,cte1569
2774,600,29,cte780
2775,600,29,cte935
2776,600,29,cte449
2777,600,29,cte2074
2778,600,29,cte2229
2779,600,29,cte91
2780,600,29,cte622
2781,600,29,cte370
2782,600,29,cte525
2783,600,29,cte192
2784,630,20,cte565
2785,630,20,cte140
2786,630,20,cte295
2787,630,20,cte450
2788,630,20,cte1415
2789,630,20,cte1570
2790,630,20,cte781
2791,630,20,cte936
2792,630,20,cte450
2793,630,20,cte2075
2794,630,20,cte2230
2795,630,20,cte92
2796,630,20,cte623
2797,630,20,cte371
2798,630,20,cte526
2799,630,20,cte193
2800,660,11,cte566
2801,660,11,cte141
2802,660,11,cte296
2803,660,11,cte451
2804,660,11,cte1416
2805,660,11,cte1571
2806,660,11,cte782
2807,660,11,cte937
2808,660,11,cte451
2809,660,11,cte2076
2810,660,11,cte2231
2811,660,11,cte93
2812,660,11,cte624
2813,660,11,cte372
2814,660,11,cte527
2815,660,11,cte194
2816,690,41,cte567
2817,690,41,cte142
2818,690,41,cte297
2819,690,41,cte452
2820,690,41,cte1417
2821,690,41,cte1572
2822,690,41,cte783
2823,690,41,cte938
2824,690,41,cte452
2825,690,41,cte2077
2826,690,41,cte2232
2827,690,41,cte94
2828,690,41,cte625
2829,690,41,cte373
2830,690,41,cte528
2831,690,41,cte195
2832,720,102,cte568
2833,720,102,cte143
2834,720,102,cte298
2835,720,102,cte453
2836,720,102,cte1418
2837,720,102,cte1573
2838,720,102,cte784
2839,720,102,cte939
2840,720,102,cte453
2841,720,102,cte2078
2842,720,102,cte2233
2843,720,102,cte95
2844,720,102,cte626
2845,720,102,cte374
2846,720,102,cte529
2847,720,102,cte196
2848,750,132,cte569
2849,750,132,cte144
2850,750,132,cte299
2851,750,132,cte454
2852,750,132,cte1419
2853,750,132,cte1574
2854,750,132,cte785
2855,750,132,cte940
2856,750,132,cte454
2857,750,132,cte2079
2858,750,132,cte2234
2859,750,132,cte96
2860,750,132,cte627
2861,750,132,cte375
2862,750,132,cte530
2863,750,132,cte197
2864,780,162,cte570
2865,780,162,cte145
2866,780,162,cte300
2867,780,162,cte455
2868,780,162,cte1420
2869,780,162,cte1575
2870,780,162,cte786
2871,780,162,cte941
2872,780,162,cte455
2873,780,162,cte2080
2874,780,162,cte2235
2875,780,162,cte97
2876,780,162,cte628
2877,780,162,cte376
2878,780,162,cte531
2879,780,162,cte198
2880,810,192,cte571
2881,810,192,cte146
2882,810,192,cte301
2883,810,192,cte456
2884,810,192,cte1421
2885,810,192,cte1576
2886,810,192,cte787
2887,810,192,cte942
2888,810,192,cte456
2889,810,192,cte2081
2890,810,192,cte2236
2891,810,192,cte98
2892,810,192,cte629
2893,810,192,cte377
2894,810,192,cte532
2895,810,192,cte199
2896,840,222,cte572
2897,840,222,cte147
2898,840,222,cte302
2899,840,222,cte457
2900,840,222,cte1422
2901,840,222,cte1577
2902,840,222,cte788
2903,840,222,cte943
2904,840,222,cte457
2905,840,222,cte2082
2906,840,222,cte2237
2907,840,222,cte99
2908,840,222,cte630
2909,840,222,cte378
2910,840,222,cte533
2911,840,222,cte200
2912,870,252,cte573
2913,870,252,cte148
2914,870,252,cte303
2915,870,252,cte458
2916,870,252,cte1423
2917,870,252,cte1578
2918,870,252,cte789
2919,870,252,cte944
2920,870,252,cte458
2921,870,252,cte2083
2922,870,252,cte2238
2923,870,252,cte100
2924,870,252,cte631
2925,870,252,cte379
2926,870,252,cte534
2927,870,252,cte201
2928,900,282,cte574
2929,900,282,cte149
2930,900,282,cte304
2931,900,282,cte459
2932,900,282,cte1424
2933,900,282,cte1579
2934,900,282,cte790
2935,900,282,cte945
2936,900,282,cte459
2937,900,282,cte2084
2938,900,282,cte2239
2939,900,282,cte101
2940,900,282,cte632
2941,900,282,cte380
2942,900,282,cte535
2943,900,282,cte202
2944,930,13,cte575
2945,930,13,cte150
2946,930,13,cte305
2947,930,13,cte460
2948,930,13,cte1425
2949,930,13,cte1580
2950,930,13,cte791
2951,930,13,cte946
2952,930,13,cte460
2953,930,13,cte2085
2954,930,13,cte2240
2955,930,13,cte102
2956,930,13,cte633
2957,930,13,cte381
2958,930,13,cte536
2959,930,13,cte203
2960,960,43,cte576
2961,960,43,cte151
2962,960,43,cte306
2963,960,43,cte461
2964,960,43,cte1426
2965,960,43,cte1581
2966,960,43,cte792
2967,960,43,cte947
2968,960,43,cte461
2969,960,43,cte2086
2970,960,43,cte2241
2971,960,43,cte103
2972,960,43,cte634
2973,960,43,cte382
2974,960,43,cte537
2975,960,43,cte204
2976,990,34,cte577
2977,990,34,cte152
2978,990,34,cte307
2979,990,34,cte462
2980,990,34,cte1427
2981,990,34,cte1582
2982,990,34,cte793
2983,990,34,cte948
2984,990,34,cte462
2985,990,34,cte2087
2986,990,34,cte2242
2987,990,34,cte104
2988,990,34,cte635
2989,990,34,cte383
2990,990,34,cte538
2991,990,34,cte205
2992,1020,25,cte578
2993,1020,25,cte153
2994,1020,25,cte308
2995,1020,25,cte463
2996,1020,25,cte1428
2997,1020,25,cte1583
2998,1020,25,cte794
2999,1020,25,cte949
3000,1020,25,cte463
3001,1020,25,cte2088
3002,1020,25,cte2243
3003,1020,25,cte105
3004,1020,25,cte636
3005,1020,25,cte384
3006,1020,25,cte539
3007,1020,25,cte206
3008,1050,16,cte579
3009,1050,16,cte154
3010,1050,16,cte309
3011,1050,16,cte464
3012,1050,16,cte1429
3013,1050,16,cte1584
3014,1050,16,cte795
3015,1050,16,cte950
3016,1050,16,cte464
3017,1050,16,cte2089
3018,1050,16,cte2244
3019,1050,16,cte106
3020,1050,16,cte637
3021,1050,16,cte385
3022,1050,16,cte540
3023,1050,16,cte207
3024,1080,46,cte580
3025,1080,46,cte155
3026,1080,46,cte310
3027,1080,46,cte465
3028,1080,46,cte1430
3029,1080,46,cte1585
3030,1080,46,cte796
3031,1080,46,cte951
3032,1080,46,cte465
3033,1080,46,cte2090
3034,1080,46,cte2245
3035,1080,46,cte107
3036,1080,46,cte638
3037,1080,46,cte386
3038,1080,46,cte541
3039,1080,46,cte208
3040,1110,37,cte1
3041,1110,37,cte156
3042,1110,37,cte311
3043,1110,37,cte466
3044,1110,37,cte1431
3045,1110,37,cte1586
3046,1110,37,cte797
3047,1110,37,cte952
3048,1110,37,cte466
3049,1110,37,cte2091
3050,1110,37,cte2246
3051,1110,37,cte108
3052,1110,37,cte639
3053,1110,37,cte387
3054,1110,37,cte542
3055,1110,37,cte209
3056,1140,28,cte2
3057,1140,28,cte157
3058,1140,28,cte312
3059,1140,28,cte467
3060,1140,28,cte1432
3061,1140,28,cte1587
3062,1140,28,cte798
3063,1140,28,cte953
3064,1140,28,cte467
3065,1140,28,cte2092
3066,1140,28,cte2247
3067,1140,28,cte109
3068,1140,28,cte640
3069,1140,28,cte388
3070,1140,28,cte543
3071,1140,28,cte210
3072,1170,89,cte3
3073,1170,89,cte158
3074,1170,89,cte313
3075,1170,89,cte468
3076,1170,89,cte1433
3077,1170,89,cte1588
3078,1170,89,cte799
3079,1170,89,cte954
3080,1170,89,cte468
3081,1170,89,cte2093
3082,1170,89,cte2248
3083,1170,89,cte110
3084,1170,89,cte641
3085,1170,89,cte389
3086,1170,89,cte544
3087,1170,89,cte211
3088,1200,119,cte4
3089,1200,119,cte159
3090,1200,119,cte314
3091,1200,119,cte469
3092,1200,119,cte1434
3093,1200,119,cte1589
3094,1200,119,cte800
3095,1200,119,cte955
3096,1200,119,cte469
3097,1200,119,cte2094
3098,1200,119,cte2249
3099,1200,119,cte111
3100,1200,119,cte642
3101,1200,119,cte390
3102,1200,119,cte545
3103,1200,119,cte212
3104,1230,149,cte5
3105,1230,149,cte160
3106,1230,149,cte315
3107,1230,149,cte470
3108,1230,149,cte1435
3109,1230,149,cte1590
3110,1230,149,cte801
3111,1230,149,cte956
3112,1230,149,cte470
3113,1230,149,cte2095
3114,1230,149,cte2250
3115,1230,149,cte112
3116,1230,149,cte643
3117,1230,149,cte391
3118,1230,149,cte546
3119,1230,149,cte213
3120,1260,179,cte6
3121,1260,179,cte161
3122,1260,179,cte316
3123,1260,179,cte471
3124,1260,179,cte1436
3125,1260,179,cte1591
3126,1260,179,cte802
3127,1260,179,cte957
3128,1260,179,cte471
3129,1260,179,cte2096
3130,1260,179,cte2251
3131,1260,179,cte113
3132,1260,179,cte644
3133,1260,179,cte392
3134,1260,179,cte547
3135,1260,179,cte214
3136,1290,209,cte7
3137,1290,209,cte162
3138,1290,209,cte317
3139,1290,209,cte472
3140,1290,209,cte1437
3141,1290,209,cte1592
3142,1290,209,cte803
3143,1290,209,cte958
3144,1290,209,cte472
3145,1290,209,cte2097
3146,1290,209,cte2252
3147,1290,209,cte114
3148,1290,209,cte645
3149,1290,209,cte393
3150,1290,209,cte548
3151,1290,209,cte215
3152,1320,239,cte8
3153,1320,239,cte163
3154,1320,239,cte318
3155,1320,239,cte473
3156,1320,239,cte1438
3157,1320,239,cte1593
3158,1320,239,cte804
3159,1320,239,cte959
3160,1320,239,cte473
3161,1320,239,cte2098
3162,1320,239,cte2253
3163,1320,239,cte115
3164,1320,239,cte646
3165,1320,239,cte394
3166,1320,239,cte549
3167,1320,239,cte216
3168,1350,269,cte9
3169,1350,269,cte164
3170,1350,269,cte319
3171,1350,269,cte474
3172,1350,269,cte1439
3173,1350,269,cte1594
3174,1350,269,cte805
3175,1350,269,cte960
3176,1350,269,cte474
3177,1350,269,cte2099
3178,1350,269,cte2254
3179,1350,269,cte116
3180,1350,269,cte647
3181,1350,269,cte395
3182,1350,269,cte550
3183,1350,269,cte217
3184,1380,299,cte10
3185,1380,299,cte165
3186,1380,299,cte320
3187,1380,299,cte475
3188,1380,299,cte1440
3189,1380,299,cte1595
3190,1380,299,cte806
3191,1380,299,cte961
3192,1380,299,cte475
3193,1380,299,cte2100
3194,1380,299,cte2255
3195,1380,299,cte117
3196,1380,299,cte648
3197,1380,299,cte396
3198,1380,299,cte551
3199,1380,299,cte218
3200,1410,29,cte11
3201,1410,29,cte166
3202,1410,29,cte321
3203,1410,29,cte476
3204,1410,29,cte1441
3205,1410,29,cte1596
3206,1410,29,cte807
3207,1410,29,cte962
3208,1410,29,cte476
3209,1410,29,cte2101
3210,1410,29,cte2256
3211,1410,29,cte118
3212,1410,29,cte649
3213,1410,29,cte397
3214,1410,29,cte552
3215,1410,29,cte219
3216,1440,20,cte12
3217,1440,20,cte167
3218,1440,20,cte322
3219,1440,20,cte477
3220,1440,20,cte1442
3221,1440,20,cte1597
3222,1440,20,cte808
3223,1440,20,cte963
3224,1440,20,cte477
3225,1440,20,cte2102
3226,1440,20,cte2257
3227,1440,20,cte119
3228,1440,20,cte650
3229,1440,20,cte398
3230,1440,20,cte553
3231,1440,20,cte220
3232,1470,11,cte13
3233,1470,11,cte168
3234,1470,11,cte323
3235,1470,11,cte478
3236,1470,11,cte1443
3237,1470,11,cte1598
3238,1470,11,cte809
3239,1470,11,cte964
3240,1470,11,cte478
3241,1470,11,cte2103
3242,1470,11,cte2258
3243,1470,11,cte120
3244,1470,11,cte651
3245,1470,11,cte399
3246,1470,11,cte554
3247,1470,11,cte221
3248,1500,41,cte14
3249,1500,41,cte169
3250,1500,41,cte324
3251,1500,41,cte479
3252,1500,41,cte1444
3253,1500,41,cte1599
3254,1500,41,cte810
3255,1500,41,cte965
3256,1500,41,cte479
3257,1500,41,cte2104
3258,1500,41,cte2259
3259,1500,41,cte121
3260,1500,41,cte652
3261,1500,41,cte400
3262,1500,41,cte555
3263,1500,41,cte222
3264,1530,32,cte15
3265,1530,32,cte170
3266,1530,32,cte325
3267,1530,32,cte480
3268,1530,32,cte1445
3269,1530,32,cte1600
3270,1530,32,cte811
3271,1530,32,cte966
3272,1530,32,cte480
3273,1530,32,cte2105
3274,1530,32,cte2260
3275,1530,32,cte122
3276,1530,32,cte653
3277,1530,32,cte401
3278,1530,32,cte556
3279,1530,32,cte223
3280,1560,23,cte16
3281,1560,23,cte171
3282,1560,23,cte326
3283,1560,23,cte481
3284,1560,23,cte1446
3285,1560,23,cte1601
3286,1560,23,cte812
3287,1560,23,cte967
3288,1560,23,cte481
3289,1560,23,cte2106
3290,1560,23,cte2261
3291,1560,23,cte123
3292,1560,23,cte654
3293,1560,23,cte402
3294,1560,23,cte557
3295,1560,23,cte224
3296,1590,14,cte17
3297,1590,14,cte172
3298,1590,14,cte327
3299,1590,14,cte482
3300,1590,14,cte1447
3301,1590,14,cte1602
3302,1590,14,cte813
3303,1590,14,cte968
3304,1590,14,cte482
3305,1590,14,cte2107
3306,1590,14,cte2262
3307,1590,14,cte124
3308,1590,14,cte655
3309,1590,14,cte403
3310,1590,14,cte558
3311,1590,14,cte225
3312,1620,44,cte18
3313,1620,44,cte173
3314,1620,44,cte328
3315,1620,44,cte483
3316,1620,44,cte1448
3317,1620,44,cte1603
3318,1620,44,cte814
3319,1620,44,cte969
3320,1620,44,cte483
3321,1620,44,cte2108
3322,1620,44,cte2263
3323,1620,44,cte125
3324,1620,44,cte656
3325,1620,44,cte404
3326,1620,44,cte559
3327,1620,44,cte226
3328,1650,105,cte19
3329,1650,105,cte174
3330,1650,105,cte329
3331,1650,105,cte484
3332,1650,105,cte1449
3333,1650,105,cte1604
3334,1650,105,cte815
3335,1650,105,cte970
3336,1650,105,cte484
3337,1650,105,cte2109
3338,1650,105,cte2264
3339,1650,105,cte126
3340,1650,105,cte657
3341,1650,105,cte405
3342,1650,105,cte560
3343,1650,105,cte227
3344,1680,135,cte20
3345,1680,135,cte175
3346,1680,135,cte330
3347,1680,135,cte485
3348,1680,135,cte1450
3349,1680,135,cte1605
3350,1680,135,cte816
3351,1680,135,cte971
3352,1680,135,cte485
3353,1680,135,cte2110
3354,1680,135,cte2265
3355,1680,135,cte127
3356,1680,135,cte658
3357,1680,135,cte406
3358,1680,135,cte561
3359,1680,135,cte228
3360,1710,165,cte21
3361,1710,165,cte176
3362,1710,165,cte331
3363,1710,165,cte486
3364,1710,165,cte1451
3365,1710,165,cte1606
3366,1710,165,cte817
3367,1710,165,cte972
3368,1710,165,cte486
3369,1710,165,cte2111
3370,1710,165,cte2266
3371,1710,165,cte128
3372,1710,165,cte659
3373,1710,165,cte407
3374,1710,165,cte562
3375,1710,165,cte229
3376,1740,195,cte22
3377,1740,195,cte177
3378,1740,195,cte332
3379,1740,195,cte487
3380,1740,195,cte1452
3381,1740,195,cte1607
3382,1740,195,cte818
3383,1740,195,cte973
3384,1740,195,cte487
3385,1740,195,cte2112
3386,1740,195,cte2267
3387,1740,195,cte129
3388,1740,195,cte660
3389,1740,195,cte408
3390,1740,195,cte563
3391,1740,195,cte230
3392,1770,225,cte23
3393,1770,225,cte178
3394,1770,225,cte333
3395,1770,225,cte488
3396,1770,225,cte1453
3397,1770,225,cte1608
3398,1770,225,cte819
3399,1770,225,cte974
3400,1770,225,cte488
3401,1770,225,cte2113
3402,1770,225,cte2268
3403,1770,225,cte130
3404,1770,225,cte661
3405,1770,225,cte409
3406,1770,225,cte564
3407,1770,225,cte231
3408,1800,255,cte24
3409,1800,255,cte179
3410,1800,255,cte334
3411,1800,255,cte489
3412,1800,255,cte1454
3413,1800,255,cte1609
3414,1800,255,cte820
3415,1800,255,cte975
3416,1800,255,cte489
3417,1800,255,cte2114
3418,1800,255,cte2269
3419,1800,255,cte131
3420,1800,255,cte662
3421,1800,255,cte410
3422,1800,255,cte565
3423,1800,255,cte232
3424,1830,285,cte25
3425,1830,285,cte180
3426,1830,285,cte335
3427,1830,285,cte490
3428,1830,285,cte1455
3429,1830,285,cte1610
3430,1830,285,cte821
3431,1830,285,cte976
3432,1830,285,cte490
3433,1830,285,cte2115
3434,1830,285,cte2270
3435,1830,285,cte132
3436,1830,285,cte663
3437,1830,285,cte411
3438,1830,285,cte566
3439,1830,285,cte233
3440,1860,16,cte26
3441,1860,16,cte181
3442,1860,16,cte336
3443,1860,16,cte491
3444,1860,16,cte1456
3445,1860,16,cte1611
3446,1860,16,cte822
3447,1860,16,cte977
3448,1860,16,cte491
3449,1860,16,cte2116
3450,1860,16,cte2271
3451,1860,16,cte133
3452,1860,16,cte664
3453,1860,16,cte412
3454,1860,16,cte567
3455,1860,16,cte234
3456,1890,46,cte27
3457,1890,46,cte182
3458,1890,46,cte337
3459,1890,46,cte492
3460,1890,46,cte1457
3461,1890,46,cte1612
3462,1890,46,cte823
3463,1890,46,cte978
3464,1890,46,cte492
3465,1890,46,cte2117
3466,1890,46,cte2272
3467,1890,46,cte134
3468,1890,46,cte665
3469,1890,46,cte413
3470,1890,46,cte568
3471,1890,46,cte235
3472,1920,37,cte28
3473,1920,37,cte183
3474,1920,37,cte338
3475,1920,37,cte493
3476,1920,37,cte1458
3477,1920,37,cte1613
3478,1920,37,cte824
3479,1920,37,cte979
3480,1920,37,cte493
3481,1920,37,cte2118
3482,1920,37,cte2273
3483,1920,37,cte135
3484,1920,37,cte666
3485,1920,37,cte414
3486,1920,37,cte569
3487,1920,37,cte236
3488,1950,28,cte29
3489,1950,28,cte184
3490,1950,28,cte339
3491,1950,28,cte494
3492,1950,28,cte1459
3493,1950,28,cte1614
3494,1950,28,cte825
3495,1950,28,cte980
3496,1950,28,cte494
3497,1950,28,cte2119
3498,1950,28,cte2274
3499,1950,28,cte136
3500,1950,28,cte667
3501,1950,28,cte415
3502,1950,28,cte570
3503,1950,28,cte237
3504,1980,19,cte30
3505,1980,19,cte185
3506,1980,19,cte340
3507,1980,19,cte495
3508,1980,19,cte1460
3509,1980,19,cte1615
3510,1980,19,cte826
3511,1980,19,cte981
3512,1980,19,cte495
3513,1980,19,cte2120
3514,1980,19,cte2275
3515,1980,19,cte137
3516,1980,19,cte668
3517,1980,19,cte416
3518,1980,19,cte571
3519,1980,19,cte238
3520,2010,10,cte31
3521,2010,10,cte186
3522,2010,10,cte341
3523,2010,10,cte496
3524,2010,10,cte1461
3525,2010,10,cte1616
3526,2010,10,cte827
3527,2010,10,cte982
3528,2010,10,cte496
3529,2010,10,cte2121
3530,2010,10,cte2276
3531,2010,10,cte138
3532,2010,10,cte669
3533,2010,10,cte417
3534,2010,10,cte572
3535,2010,10,cte239
3536,2040,40,cte32
3537,2040,40,cte187
3538,2040,40,cte342
3539,2040,40,cte497
3540,2040,40,cte1462
3541,2040,40,cte1617
3542,2040,40,cte828
3543,2040,40,cte983
3544,2040,40,cte497
3545,2040,40,cte2122
3546,2040,40,cte2277
3547,2040,40,cte139
3548,2040,40,cte670
3549,2040,40,cte418
3550,2040,40,cte573
3551,2040,40,cte240
3552,2070,31,cte33
3553,2070,31,cte188
3554,2070,31,cte343
3555,2070,31,cte498
3556,2070,31,cte1463
3557,2070,31,cte1618
3558,2070,31,cte829
3559,2070,31,cte984
3560,2070,31,cte498
3561,2070,31,cte2123
3562,2070,31,cte2278
3563,2070,31,cte140
3564,2070,31,cte671
3565,2070,31,cte419
3566,2070,31,cte574
3567,2070,31,cte241
3568,2100,92,cte34
3569,2100,92,cte189
3570,2100,92,cte344
3571,2100,92,cte499
3572,2100,92,cte1464
3573,2100,92,cte1619
3574,2100,92,cte830
3575,2100,92,cte985
3576,2100,92,cte499
3577,2100,92,cte2124
3578,2100,92,cte2279
3579,2100,92,cte141
3580,2100,92,cte672
3581,2100,92,cte420
3582,2100,92,cte575
3583,2100,92,cte242
3584,2130,122,cte35
3585,2130,122,cte190
3586,2130,122,cte345
3587,2130,122,cte500
3588,2130,122,cte1465
3589,2130,122,cte1620
3590,2130,122,cte831
3591,2130,122,cte986
3592,2130,122,cte500
3593,2130,122,cte2125
3594,2130,122,cte2280
3595,2130,122,cte142
3596,2130,122,cte673
3597,2130,122,cte421
3598,2130,122,cte576
3599,2130,122,cte243
3600,2160,152,cte36
3601,2160,152,cte191
3602,2160,152,cte346
3603,2160,152,cte501
3604,2160,152,cte1466
3605,2160,152,cte1621
3606,2160,152,cte832
3607,2160,152,cte987
3608,2160,152,cte501
3609,2160,152,cte2126
3610,2160,152,cte2281
3611,2160,152,cte143
3612,2160,152,cte674
3613,2160,152,cte422
3614,2160,152,cte577
3615,2160,152,cte244
3616,2190,182,cte37
3617,2190,182,cte192
3618,2190,182,cte347
3619,2190,182,cte502
3620,2190,182,cte1467
3621,2190,182,cte1622
3622,2190,182,cte833
3623,2190,182,cte988
3624,2190,182,cte502
3625,2190,182,cte2127
3626,2190,182,cte2282
3627,2190,182,cte144
3628,2190,182,cte675
3629,2190,182,cte423
3630,2190,182,cte578
3631,2190,182,cte245
3632,2220,212,cte38
3633,2220,212,cte193
3634,2220,212,cte348
3635,2220,212,cte503
3636,2220,212,cte1468
3637,2220,212,cte1623
3638,2220,212,cte834
3639,2220,212,cte989
3640,2220,212,cte503
3641,2220,212,cte2128
3642,2220,212,cte2283
3643,2220,212,cte145
3644,2220,212,cte676
3645,2220,212,cte424
3646,2220,212,cte579
3647,2220,212,cte246
3648,2250,242,cte39
3649,2250,242,cte194
3650,2250,242,cte349
3651,2250,242,cte504
3652,2250,242,cte1469
3653,2250,242,cte1624
3654,2250,242,cte835
3655,2250,242,cte990
3656,2250,242,cte504
3657,2250,242,cte2129
3658,2250,242,cte2284
3659,2250,242,cte146
3660,2250,242,cte677
3661,2250,242,cte425
3662,2250,242,cte580
3663,2250,242,cte247
3664,2280,272,cte40
3665,2280,272,cte195
3666,2280,272,cte350
3667,2280,272,cte505
3668,2280,272,cte1470
3669,2280,272,cte1625
3670,2280,272,cte836
3671,2280,272,cte991
3672,2280,272,cte505
3673,2280,272,cte2130
3674,2280,272,cte2285
3675,2280,272,cte147
3676,2280,272,cte678
3677,2280,272,cte426
3678,2280,272,cte581
3679,2280,272,cte248
3680,2310,302,cte41
3681,2310,302,cte196
3682,2310,302,cte351
3683,2310,302,cte506
3684,2310,302,cte1471
3685,2310,302,cte1626
3686,2310,302,cte837
3687,2310,302,cte992
3688,2310,302,cte506
3689,2310,302,cte2131
3690,2310,302,cte2286
3691,2310,302,cte148
3692,2310,302,cte679
3693,2310,302,cte427
3694,2310,302,cte582
3695,2310,302,cte249
3696,2340,33,cte42
3697,2340,33,cte197
3698,2340,33,cte352
3699,2340,33,cte507
3700,2340,33,cte1472
3701,2340,33,cte1627
3702,2340,33,cte838
3703,2340,33,cte993
3704,2340,33,cte507
3705,2340,33,cte2132
3706,2340,33,cte2287
3707,2340,33,cte149
3708,2340,33,cte680
3709,2340,33,cte428
3710,2340,33,cte583
3711,2340,33,cte250
3712,2370,24,cte43
3713,2370,24,cte198
3714,2370,24,cte353
3715,2370,24,cte508
3716,2370,24,cte1473
3717,2370,24,cte1628
3718,2370,24,cte839
3719,2370,24,cte994
3720,2370,24,cte508
3721,2370,24,cte2133
3722,2370,24,cte2288
3723,2370,24,cte150
3724,2370,24,cte681
3725,2370,24,cte429
3726,2370,24,cte584
3727,2370,24,cte251
3728,2400,15,cte44
3729,2400,15,cte199
3730,2400,15,cte354
3731,2400,15,cte509
3732,2400,15,cte1474
3733,2400,15,cte1629
3734,2400,15,cte840
3735,2400,15,cte995
3736,2400,15,cte509
3737,2400,15,cte2134
3738,2400,15,cte2289
3739,2400,15,cte151
3740,2400,15,cte682
3741,2400,15,cte430
3742,2400,15,cte585
3743,2400,15,cte252
3744,2430,45,cte45
3745,2430,45,cte200
3746,2430,45,cte355
3747,2430,45,cte510
3748,2430,45,cte1475
3749,2430,45,cte1630
3750,2430,45,cte841
3751,2430,45,cte996
3752,2430,45,cte510
3753,2430,45,cte2135
3754,2430,45,cte2290
3755,2430,45,cte152
3756,2430,45,cte683
3757,2430,45,cte431
3758,2430,45,cte586
3759,2430,45,cte253
3760,2460,36,cte46
3761,2460,36,cte201
3762,2460,36,cte356
3763,2460,36,cte511
3764,2460,36,cte1476
3765,2460,36,cte1631
3766,2460,36,cte842
3767,2460,36,cte997
3768,2460,36,cte511
3769,2460,36,cte2136
3770,2460,36,cte2291
3771,2460,36,cte153
3772,2460,36,cte684
3773,2460,36,cte432
3774,2460,36,cte587
3775,2460,36,cte254
3776,2490,27,cte47
3777,2490,27,cte202
3778,2490,27,cte357
3779,2490,27,cte512
3780,2490,27,cte1477
3781,2490,27,cte1632
3782,2490,27,cte843
3783,2490,27,cte998
3784,2490,27,cte512
3785,2490,27,cte2137
3786,2490,27,cte2292
3787,2490,27,cte154
3788,2490,27,cte685
3789,2490,27,cte433
3790,2490,27,cte100
3791,2490,27,cte255
3792,2520,18,cte48
3793,2520,18,cte203
3794,2520,18,cte358
3795,2520,18,cte513
3796,2520,18,cte1478
3797,2520,18,cte1633
3798,2520,18,cte844
3799,2520,18,cte999
3800,2520,18,cte513
3801,2520,18,cte2138
3802,2520,18,cte2293
3803,2520,18,cte155
3804,2520,18,cte686
3805,2520,18,cte434
3806,2520,18,cte101
3807,2520,18,cte256
3808,2550,48,cte49
3809,2550,48,cte204
3810,2550,48,cte359
3811,2550,48,cte514
3812,2550,48,cte1479
3813,2550,48,cte1634
3814,2550,48,cte845
3815,2550,48,cte1000
3816,2550,48,cte514
3817,2550,48,cte2139
3818,2550,48,cte1
3819,2550,48,cte156
3820,2550,48,cte687
3821,2550,48,cte435
3822,2550,48,cte102
3823,2550,48,cte257
3824,2580,109,cte50
3825,2580,109,cte205
3826,2580,109,cte360
3827,2580,109,cte515
3828,2580,109,cte1480
3829,2580,109,cte1635
3830,2580,109,cte846
3831,2580,109,cte1001
3832,2580,109,cte515
3833,2580,109,cte2140
3834,2580,109,cte2
3835,2580,109,cte157
3836,2580,109,cte688
3837,2580,109,cte436
3838,2580,109,cte103
3839,2580,109,cte258
3840,2610,139,cte51
3841,2610,139,cte206
3842,2610,139,cte361
3843,2610,139,cte516
3844,2610,139,cte1481
3845,2610,139,cte1636
3846,2610,139,cte847
3847,2610,139,cte1002
3848,2610,139,cte516
3849,2610,139,cte2141
3850,2610,139,cte3
3851,2610,139,cte158
3852,2610,139,cte689
3853,2610,139,cte437
3854,2610,139,cte104
3855,2610,139,cte259
3856,2640,169,cte52
3857,2640,169,cte207
3858,2640,169,cte362
3859,2640,169,cte517
3860,2640,169,cte1482
3861,2640,169,cte1637
3862,2640,169,cte848
3863,2640,169,cte1003
3864,2640,169,cte517
3865,2640,169,cte2142
3866,2640,169,cte4
3867,2640,169,cte159
3868,2640,169,cte690
3869,2640,169,cte438
3870,2640,169,cte105
3871,2640,169,cte260
3872,2670,199,cte53
3873,2670,199,cte208
3874,2670,199,cte363
3875,2670,199,cte518
3876,2670,199,cte1483
3877,2670,199,cte1638
3878,2670,199,cte849
3879,2670,199,cte1004
3880,2670,199,cte518
3881,2670,199,cte2143
3882,2670,199,cte5
3883,2670,199,cte160
3884,2670,199,cte691
3885,2670,199,cte439
3886,2670,199,cte106
3887,2670,199,cte261
3888,2700,229,cte54
3889,2700,229,cte209
3890,2700,229,cte364
3891,2700,229,cte519
3892,2700,229,cte1484
3893,2700,229,cte1639
3894,2700,229,cte850
3895,2700,229,cte1005
3896,2700,229,cte519
3897,2700,229,cte2144
3898,2700,229,cte6
3899,2700,229,cte161
3900,2700,229,cte692
3901,2700,229,cte440
3902,2700,229,cte107
3903,2700,229,cte262
3904,2730,259,cte55
3905,2730,259,cte210
3906,2730,259,cte365
3907,2730,259,cte520
3908,2730,259,cte1485
3909,2730,259,cte1640
3910,2730,259,cte851
3911,2730,259,cte1006
3912,2730,259,cte520
3913,2730,259,cte2145
3914,2730,259,cte7
3915,2730,259,cte162
3916,2730,259,cte693
3917,2730,259,cte441
3918,2730,259,cte108
3919,2730,259,cte263
3920,2760,289,cte56
3921,2760,289,cte211
3922,2760,289,cte366
3923,2760,289,cte521
3924,2760,289,cte1486
3925,2760,289,cte1641
3926,2760,289,cte852
3927,2760,289,cte1007
3928,2760,289,cte521
3929,2760,289,cte2146
3930,2760,289,cte8
3931,2760,289,cte163
3932,2760,289,cte694
3933,2760,289,cte442
3934,2760,289,cte109
3935,2760,289,cte264
3936,2790,19,cte57
3937,2790,19,cte212
3938,2790,19,cte367
3939,2790,19,cte522
3940,2790,19,cte1487
3941,2790,19,cte1642
3942,2790,19,cte853
3943,2790,19,cte1008
3944,2790,19,cte522
3945,2790,19,cte2147
3946,2790,19,cte9
3947,2790,19,cte164
3948,2790,19,cte695
3949,2790,19,cte443
3950,2790,19,cte110
3951,2790,19,cte265
3952,2820,10,cte58
3953,2820,10,cte213
3954,2820,10,cte368
3955,2820,10,cte523
3956,2820,10,cte1488
3957,2820,10,cte1643
3958,2820,10,cte854
3959,2820,10,cte1009
3960,2820,10,cte523
3961,2820,10,cte2148
3962,2820,10,cte10
3963,2820,10,cte165
3964,2820,10,cte696
3965,2820,10,cte444
3966,2820,10,cte111
3967,2820,10,cte266
3968,2850,40,cte59
3969,2850,40,cte214
3970,2850,40,cte369
3971,2850,40,cte524
3972,2850,40,cte1489
3973,2850,40,cte700
3974,2850,40,cte855
3975,2850,40,cte1010
3976,2850,40,cte524
3977,2850,40,cte2149
3978,2850,40,cte11
3979,2850,40,cte166
3980,2850,40,cte697
3981,2850,40,cte445
3982,2850,40,cte112
3983,2850,40,cte267
3984,2880,31,cte60
3985,2880,31,cte215
3986,2880,31,cte370
3987,2880,31,cte525
3988,2880,31,cte1490
3989,2880,31,cte701
3990,2880,31,cte856
3991,2880,31,cte1011
3992,2880,31,cte525
3993,2880,31,cte2150
3994,2880,31,cte12
3995,2880,31,cte167
3996,2880,31,cte698
3997,2880,31,cte446
3998,2880,31,cte113
3999,2880,31,cte268
